titulo,empresa,ubicacion,salario,experiencia,jornada,modalidad,caracteristicas,descripcion,Area
desarrollador de software full stack con experiencia en cloud y devops,DEL MAR TECHNOLOGY GROUP,"Remoto, Teletrabajo",1800 USD mes,2+ años de experiencia,"temporal, jornada completa","remoto,teletrabajo","2+ años de experiencia | hace 1 hora | remoto,teletrabajo | 1800 USD mes | temporal, jornada completa | informática,ingeniería,telecomunicaciones","Requisitos: Lenguajes de programación: Python, Java (Quarkus, Spring Boot). Plataformas de cloud: AWS (EC2, S3, Lambda, EKS). Bases de datos: Oracle y MySQL. Repositorio de código: Github. Soporte al desarrollo realizado. Metodologías de desarrollo: Kanban y/o Scrum. Herramientas: Copilot, Confluence y estructura de código según equipo (Exclutente). Nivel de experiencia Semi Senior. Habilidades: Análisis de requisitos y diseño de soluciones. Desarrollo de software full stack. Pruebas de desarrollo y depuración. Apoyo en el paso a producción. Documentación y mantenimiento de código. Soporte y resolución de problemas. Colaboración con equipos de desarrollo y DevOps. Uso de metodologías ágiles y herramientas de colaboración. Beneficios de Ley y Salario Competitivo según experiencia. 100% Remoto.",Desarrollador de Software
"desarrollador java sr, remoto latam",Sofka Technologies,"Quito , Ecuador",,,"indefinido, jornada completa",,"hace 22 horas | quito ,ecuador | informática | indefinido, jornada completa","¿ Estás buscando nuevos desafíos y un lugar donde puedas disfrutar de un ambiente cercano mientras aprendes constantemente? ¡Bienvenido a un equipo con un propósito claro: ""TRANSFORMAR la vida de las personas siendo el aliado TECNO LÓGICO más confiable""! 🚀 ¡Prepárate y únete a esta aventura! ¿Qué encontrarás? Retos técnicos y personales que te mantendrán en constante crecimiento. 🤝 Un equipo conectado, enfocado en tu bienestar físico y mental . Cultura de mejora continua , fresca y colaborativa, con oportunidades de aprendizaje y gente dispuesta a apoyarte. KaizenHub , un programa diseñado para potenciar tus talentos, con feedback , mentorías y coaching a través de Sofka U . ¡Será un reto y un juego a la vez! 🧠🎮 Programas como Happy Kaizen y WeSofka que cuidan tu bienestar físico y emocional. ¿Qué buscamos? Buscamos a un Ingeniero/a de Software Java Senior con 5+ años de experiencia comprobada en el ciclo de vida de desarrollo de software. El perfil ideal es un arquitecto del código, capaz de traducir la visión de negocio en soluciones robustas y escalables. Priorizamos profesionales con sólidos conocimientos en Java, SpringBoot, Microservicios y metodologías Ágiles , que se destaquen por su liderazgo técnico, su capacidad para impulsar la calidad del código y su habilidad para mentorizar a otros desarrolladores. Si te apasiona dejar tu huella en el ecosistema tecnológico, asegurando que cada línea de código contribuya a un producto final eficiente y seguro, esta es tu oportunidad. Al unirte a [Nombre de la Empresa] , no solo trabajarás en proyectos de alto impacto, sino que también formarás parte de una cultura que valora la innovación , el código limpio y el desarrollo profesional continuo . Te ofrecemos un entorno donde tu experiencia será clave para guiar la excelencia técnic",Desarrollador de Software
desarrollador java sr,Sofka Technologies,"Quito , Ecuador",,6+ años de experiencia,"indefinido, jornada completa",,"indefinido, jornada completa | quito ,ecuador | informática | 17 Octubre 2025 | 6+ años de experiencia","¿ Estás buscando nuevos desafíos y un lugar donde puedas disfrutar de un ambiente cercano mientras aprendes constantemente? ¡Bienvenido a un equipo con un propósito claro: ""TRANSFORMAR la vida de las personas siendo el aliado TECNO LÓGICO más confiable""! 🚀 ¡Prepárate y únete a esta aventura! ¿Qué encontrarás? Retos técnicos y personales que te mantendrán en constante crecimiento. 🤝 Un equipo conectado, enfocado en tu bienestar físico y mental . Cultura de mejora continua , fresca y colaborativa, con oportunidades de aprendizaje y gente dispuesta a apoyarte. KaizenHub , un programa diseñado para potenciar tus talentos, con feedback , mentorías y coaching a través de Sofka U . ¡Será un reto y un juego a la vez! 🧠🎮 Programas como Happy Kaizen y WeSofka que cuidan tu bienestar físico y emocional. ¿Qué buscamos? Buscamos un Desarrollador de Software JAVA senior con un mínimo de 4 a 6 años de experiencia en el desarrollo y la ingeniería de soluciones complejas. El perfil ideal debe dominar principios de programación orientada a objetos , técnicas avanzadas de programación funcional , y tener una sólida base en arquitectura de microservicios . Necesitamos un profesional con profunda experiencia en el ciclo de vida completo del desarrollo, desde el diseño hasta el despliegue y la monitorización. 🛠️ Conocimientos Técnicos Requeridos Lenguaje y Fundamentos: Dominio avanzado de Java (SE/EE) , Programación Orientada a Objetos (POO) y Programación Funcional . Sólida aplicación de principios SOLID, KISS, DRY y patrones de diseño (GoF, Microservicios). Frameworks Core: Experiencia experta en el ecosistema Spring Boot (incluyendo Spring Data JPA/Hibernate, Spring Security) para la construcción de microservicios RESTful. Servicios y APIs: Habilidad para diseñar, implementar",Desarrollador de Software
arquitecto de software,DEL MAR TECHNOLOGY GROUP,"teletrebajo, Teletrabajo",1800 USD mes,2+ años de experiencia,"indefinido, jornada completa","teletrebajo,teletrabajo","1800 USD mes | indefinido, jornada completa | ingeniería,telecomunicaciones,informática | 2+ años de experiencia | 21 Octubre 2025 | teletrebajo,teletrabajo","Profesional altamente especializado en el diseño y la estructura de sistemas y aplicaciones de software. Su principal responsabilidad es definir la arquitectura de software de un proyecto, lo que implica tomar decisiones fundamentales sobre la estructura del sistema, los componentes, las tecnologías a utilizar y los patrones de diseño que guiarán el desarrollo. el arquitecto de software desempeña un papel crítico en la definición y el diseño de la arquitectura de sistemas y aplicaciones de software. su experiencia técnica y su capacidad para tomar decisiones estratégicas contribuyen significativamente al éxito del proyecto al garantizar que la arquitectura sea robusta, escalable y adaptable a las necesidades del negocio. Diseño de la arquitectura. Selección de tecnologías: evaluar y seleccionar las tecnologías adecuadas para implementar la arquitectura, teniendo en cuenta factores como el rendimiento, la escalabilidad, la seguridad y la mantenibilidad. Definición de patrones de diseño: establecer patrones de diseño y mejores prácticas que guíen el desarrollo del software y aseguren la coherencia y la calidad del código. Colaboración con equipos técnicos: trabajar en estrecha colaboración con desarrolladores, ingenieros de software y otros miembros del equipo técnico para la implementación de la arquitectura que sea propuesta y resolver problemas técnicos complejos. Documentación técnica. Evaluación de riesgos: identificar y mitigar riesgos técnicos y arquitectónicos que puedan afectar el éxito del proyecto. Establecimiento de estándares en todo el proyecto de software. Revisión de código y arquitectura.",Desarrollador de Software
desarrollador pro-c,DEL MAR TECHNOLOGY GROUP,"Remoto, Teletrabajo",0 USD mes,2+ años de experiencia,"temporal, jornada completa","remoto,teletrabajo","0 USD mes | temporal, jornada completa | informática,ingeniería,telecomunicaciones | 2+ años de experiencia | 18 Octubre 2025 | remoto,teletrabajo","Buscamos un Desarrollador Pro-C con 2 años de experiencia en programación en lenguaje Pro-C, para integrarse a nuestro equipo de desarrollo de software. 100% Remoto. Trabajo en equipo, capacidad analítica.",Desarrollador de Software
ingeniero de software senior remoto uruguay,Sofka Technologies,"Quito , Ecuador",,5+ años de experiencia,"indefinido, jornada completa",,"quito ,ecuador | informática | indefinido, jornada completa | 24 Septiembre 2025 | 5+ años de experiencia","✨ ¿ Estás buscando nuevos desafíos y un lugar donde puedas disfrutar de un ambiente cercano mientras aprendes constantemente? ¡Bienvenido a un equipo con un propósito claro: ""TRANSFORMAR la vida de las personas siendo el aliado TECNO LÓGICO más confiable""! 🚀 ¡Prepárate y únete a esta aventura! ¿Qué encontrarás? Retos técnicos y personales que te mantendrán en constante crecimiento. Un equipo conectado, enfocado en tu bienestar físico y mental .🌱 Cultura de mejora continua , fresca y colaborativa, con oportunidades de aprendizaje y gente dispuesta a apoyarte. KaizenHub , un programa diseñado para potenciar tus talentos, con feedback , mentorías y coaching a través de Sofka U . ¡Será un reto y un juego a la vez! 🧠 Programas como Happy Kaizen y WeSofka que cuidan tu bienestar físico y emocional. ¿Qué buscamos? Buscamos a un(a) Desarrollador(a) Backend FullStack Senior apasionado(a) por la tecnología y la calidad, con más de 5 años de experiencia. Si eres un(a) experto(a) en Java con SpringBoot y Angular , y te motiva impulsar el desarrollo de sistemas robustos y escalables, este rol es para ti. Buscamos a alguien que no solo escriba código, sino que también diseñe, refactorice y optimice soluciones, aplicando las mejores prácticas del mercado y colaborando con herramientas de inteligencia artificial. Este rol es crucial para la creación y evolución de nuestros sistemas, con un enfoque en la eficiencia, la seguridad y la mantenibilidad. Te unirás a un equipo que valora la innovación, la calidad y la mejora continua, donde tu experiencia y conocimiento serán fundamentales para la entrega de valor y el crecimiento tecnológico de la organización. Responsabilidades Diseñar, desarrollar e implementar soluciones end-to-end (backend y frontend). Participar en la evaluación y mejo",Desarrollador de Software
ingenieros de software | ecu,Sofka Technologies,"Quito , Ecuador",,,"indefinido, jornada completa",,"indefinido, jornada completa | quito ,ecuador | informática | 23 Agosto 2025","Esta no es una vacante convencional Sofka Talent Day – Ecuador Estás a punto de postularte a una experiencia única: Un evento presencial exclusivo para perfiles TI seleccionados. Si tu perfil se alinea con esta vacante, tendrás la oportunidad de: 💻 Participar en un proceso corto virtual (reto técnico y/o entrevista técnica) 📅 Y si avanzas, serás invitado/a a una jornada presencial en Quito 🎤 Con charlas, entrevistas en vivo y conexión directa con nuestra cultura ¿Quieres vivir Sofka desde adentro? Sigue leyendo y postúlate. ¡Esta experiencia puede ser para ti! ¿Qué buscamos? Estamos buscando un Desarrollador/a de Software SSR con experiencia en entornos ágiles y enfoque en mejora continua del Ciclo de Desarrollo de Software, capaz de diseñar, implementar y optimizar soluciones robustas para el Banco, alineadas a los estándares y lineamientos establecidos ✅ Lo que harás: Desarrollar sistemas, aplicaciones y soluciones cumpliendo lineamientos y estándares. Realizar revisiones de código en pares y fomentar buenas prácticas. Definir e implementar pruebas tempranas y automatizaciones. Asegurar la correcta estimación, definición y refinamiento de Historias de Usuario. Cumplir con criterios funcionales y no funcionales garantizando calidad y tiempos de entrega. Implementar soluciones bajo políticas y lineamientos de COEs, Chapters y áreas responsables. Asegurar que las aplicaciones pasen todas las etapas del ciclo de desarrollo y lleguen a producción. Resolver incidencias y corregir defectos en entornos productivos y no productivos. Proponer soluciones innovadoras para optimizar procesos y prácticas del ciclo de desarrollo. Generar documentación técnica según lineamientos del Chapter. 🎯 Lo que buscamos en ti: Experiencia: 3 a 5 años en desarrollo de software, trabajando en entornos ágiles (Scrum/Kanban). Conocimientos sólido",Desarrollador de Software
desarrolladores java | ecu,Sofka Technologies,"Quito , Ecuador",,,"indefinido, jornada completa",,"22 Agosto 2025 | quito ,ecuador | informática | indefinido, jornada completa","Esta no es una vacante convencional Sofka Talent Day – Ecuador Estás a punto de postularte a una experiencia única: Un evento presencial exclusivo para perfiles TI seleccionados. Si tu perfil se alinea con esta vacante, tendrás la oportunidad de: 💻 Participar en un proceso corto virtual (reto técnico y/o entrevista técnica) 📅 Y si avanzas, serás invitado/a a una jornada presencial en Quito 🎤 Con charlas, entrevistas en vivo y conexión directa con nuestra cultura ¿Quieres vivir Sofka desde adentro? Sigue leyendo y postúlate. ¡Esta experiencia puede ser para ti! ¿Qué buscamos? Buscamos un Desarrollador Backend Java SR / SSR con experiencia en Spring Boot para unirse a nuestro equipo de soluciones financieras innovadoras. El candidato implementará y evaluará sistemas y aplicaciones robustas, asegurando el cumplimiento de los requisitos funcionales y no funcionales, así como de los plazos establecidos. Se valorará la capacidad de colaborar con equipos multifuncionales y una sólida comprensión de las mejores prácticas de desarrollo en el sector financiero. El candidato debe tener la capacidad de ejecutar actividades y manejar herramientas específicas. Se requiere un conocimiento técnico de nivel 3 en cada tecnología, incluyendo: JAVA EE 8+ y Spring Boot : Dominio de programación orientada a objetos y técnicas avanzadas de programación funcional. Control de versiones : Diseño, configuración y monitorización de pipelines, así como gestión de accesos en contenedores. APIs : Integración, diseño escalable, documentación, autenticación y autorización. Patrones de diseño : Modelado de microservicios con enfoque en modularidad, cohesión y acoplamiento. Calidad de software : Pruebas unitarias, contractuales y mutación; familiaridad con frameworks como Spring Cloud Contract y OpenAPI. Buenas prácticas de desarrollo : Clean code, acc",Desarrollador de Software
senior next.js developer,DEL MAR TECHNOLOGY GROUP,"Remoto, Teletrabajo",1800 USD mes,5+ años de experiencia,"temporal, jornada completa","remoto,teletrabajo","temporal, jornada completa | 1800 USD mes | informática,ingeniería,telecomunicaciones | 5+ años de experiencia | 22 Octubre 2025 | remoto,teletrabajo","Senior Next.js Developer con experiencia en el uso de herramientas como Cursor o Claude. Trabajo 100% Remoto Ingeniero en Informática o carrera a fin Sólida experiencia (5 años) en desarrollo frontend. Experiencia demostrable y profunda con el framework Next.js y el ecosistema de React. Experiencia práctica utilizando herramientas para el desarrollo de software, como Cursor o Claude, y una comprensión de cómo pueden mejorar la productividad y la calidad del código. Experiencia con metodologías ágiles (Scrum, Kanban). Habilidad para trabajar de forma autónoma y en equipo. Excelentes habilidades de comunicación y resolución de problemas.",Desarrollador de Software
qa automation senior | híbrido en quito,Sofka Technologies,"Quito , Ecuador",,5+ años de experiencia,"indefinido, jornada completa",,"indefinido, jornada completa | ingeniería | quito ,ecuador | 5+ años de experiencia | hace 5 días","¿ Estás buscando nuevos desafíos y un lugar donde puedas disfrutar de un ambiente cercano mientras aprendes constantemente? ¡Bienvenido a un equipo con un propósito claro: ""TRANSFORMAR la vida de las personas siendo el aliado TECNO LÓGICO más confiable""! 🚀 ¡Prepárate y únete a esta aventura! ¿Qué encontrarás? Retos técnicos y personales que te mantendrán en constante crecimiento. 🤝 Un equipo conectado, enfocado en tu bienestar físico y mental . Cultura de mejora continua , fresca y colaborativa, con oportunidades de aprendizaje y gente dispuesta a apoyarte. KaizenHub , un programa diseñado para potenciar tus talentos, con feedback , mentorías y coaching a través de Sofka U . ¡Será un reto y un juego a la vez! 🧠🎮 Programas como Happy Kaizen y WeSofka que cuidan tu bienestar físico y emocional. ¿Qué buscamos? Buscamos un QA Automation Senior con al menos 5 años de experiencia, apasionado por la excelencia y listo para tomar las riendas de nuestra estrategia de calidad. Tu misión será dirigir y ejecutar pruebas manuales y automáticas, implementando las mejores prácticas internacionales en pruebas funcionales, no funcionales y de performance para garantizar la robustez de nuestros desarrollos de software.🚀 Este rol es una oportunidad única para liderar las métricas de calidad que guíen nuestro éxito y mejorar continuamente nuestros procesos de automatización. Si buscas un desafío donde tu visión y experiencia técnica generen un impacto directo en el producto, este es tu lugar. ¿Qué harás? Dirigir y ejecutar pruebas manuales y automáticas para desarrollos de software complejos. Diseñar e implementar métricas de calidad de software, como cobertura de pruebas y cantidad de errores. Gestionar, dirigir y liderar equipos de trabajo, fomentando su desarrollo y la excelencia técnica. Mejorar co",Desarrollador de Software
qa automation senior | híbrido en quito,Sofka Technologies,"Quito , Ecuador",,5+ años de experiencia,"indefinido, jornada completa",,"5+ años de experiencia | 01 Octubre 2025 | ingeniería | quito ,ecuador | indefinido, jornada completa","¿ Estás buscando nuevos desafíos y un lugar donde puedas disfrutar de un ambiente cercano mientras aprendes constantemente? ¡Bienvenido a un equipo con un propósito claro: ""TRANSFORMAR la vida de las personas siendo el aliado TECNO LÓGICO más confiable""! 🚀 ¡Prepárate y únete a esta aventura! ¿Qué encontrarás? Retos técnicos y personales que te mantendrán en constante crecimiento. 🤝 Un equipo conectado, enfocado en tu bienestar físico y mental . Cultura de mejora continua , fresca y colaborativa, con oportunidades de aprendizaje y gente dispuesta a apoyarte. KaizenHub , un programa diseñado para potenciar tus talentos, con feedback , mentorías y coaching a través de Sofka U . ¡Será un reto y un juego a la vez! 🧠🎮 Programas como Happy Kaizen y WeSofka que cuidan tu bienestar físico y emocional. ¿Qué buscamos? Buscamos un QA Automation Senior con al menos 5 años de experiencia, apasionado por la excelencia y listo para tomar las riendas de nuestra estrategia de calidad. Tu misión será dirigir y ejecutar pruebas manuales y automáticas, implementando las mejores prácticas internacionales en pruebas funcionales, no funcionales y de performance para garantizar la robustez de nuestros desarrollos de software.🚀 Este rol es una oportunidad única para liderar las métricas de calidad que guíen nuestro éxito y mejorar continuamente nuestros procesos de automatización. Si buscas un desafío donde tu visión y experiencia técnica generen un impacto directo en el producto, este es tu lugar. ¿Qué harás? Dirigir y ejecutar pruebas manuales y automáticas para desarrollos de software complejos. Diseñar e implementar métricas de calidad de software, como cobertura de pruebas y cantidad de errores. Gestionar, dirigir y liderar equipos de trabajo, fomentando su desarrollo y la excelencia técnica. Mejor",Desarrollador de Software
quarkus developer,DEL MAR TECHNOLOGY GROUP,"Guayaquil, Teletrabajo",1500 USD mes,1+ años de experiencia,"temporal, jornada completa","guayaquil,teletrabajo","17 Octubre 2025 | 1+ años de experiencia | guayaquil,teletrabajo | informática,ingeniería,telecomunicaciones | temporal, jornada completa | 1500 USD mes","En Del Mar TG Buscamos Desarrolladores con experiencia en Red Hat, enfocados en aplicaciones empresariales con tecnologías del ecosistema Red Hat. Experiencia con Quarkus, Java, Spring Boot y Arquitecturas de microservicios. Conocimientos en OpenShift, Red Hat Runtimes, Fuse, AMQ y JBoss EAP. Conocimientos DevOps y metodologías ágiles. Ubicación: Remoto- Teletrabajo",Desarrollador de Software
"arquitecto de soluciones presencial quito, ecuador",Sofka Technologies,"Quito , Ecuador",,5+ años de experiencia,"indefinido, jornada completa",,"09 Octubre 2025 | 5+ años de experiencia | indefinido, jornada completa | quito ,ecuador | arquitectura","¿ Estás buscando nuevos desafíos y un lugar donde puedas disfrutar de un ambiente cercano mientras aprendes constantemente? ¡Bienvenido a un equipo con un propósito claro: ""TRANSFORMAR la vida de las personas siendo el aliado TECNO LÓGICO más confiable""! 🚀 ¡Prepárate y únete a esta aventura! ¿Qué encontrarás? Retos técnicos y personales que te mantendrán en constante crecimiento. 🤝 Un equipo conectado, enfocado en tu bienestar físico y mental . Cultura de mejora continua , fresca y colaborativa, con oportunidades de aprendizaje y gente dispuesta a apoyarte. KaizenHub , un programa diseñado para potenciar tus talentos, con feedback , mentorías y coaching a través de Sofka U . ¡Será un reto y un juego a la vez! 🧠🎮 Programas como Happy Kaizen y WeSofka que cuidan tu bienestar físico y emocional. ¿Qué buscamos? Buscamos un Arquitecto de Soluciones con más de 5 años de experiencia probada en la definición, diseño e implementación de arquitecturas TI que unan la estrategia de negocio con la ejecución técnica. El perfil ideal debe dominar la computación en la nube , los principios de escalabilidad, seguridad y eficiencia , y poseer una excelente capacidad de comunicación para ser el puente entre los stakeholders y los equipos de desarrollo. Necesitamos tu visión estratégica y tu liderazgo técnico para guiar la transformación digital. Responsabilidades Diseñar e implementar arquitecturas de software de extremo a extremo que sean escalables, resilientes, seguras y eficientes en costos. Traducir los requisitos de negocio y las necesidades de los stakeholders en diseños técnicos de alto nivel (HLD) y planes de solución. Evaluar e incorporar nuevas tecnologías, frameworks y patrones de diseño para la mejora continua de la plataforma. Liderar técnicamente a los equipos de desa",Desarrollador de Software
diseñador ux & iu - quito - presencial,Sofka Technologies,"Quito , Ecuador",,,"indefinido, jornada completa",,"quito ,ecuador | diseño | indefinido, jornada completa | 28 Agosto 2025","✨ ¿Te apasiona diseñar experiencias digitales centradas en las personas, funcionales y visualmente memorables? En nuestro equipo creemos que el diseño no solo debe verse bien, sino funcionar con propósito y empatía. Si disfrutas combinar estrategia, investigación y creatividad para construir productos digitales útiles y usables, este reto es para ti. 💡 ¿Qué buscamos? Personas con 3+ años de experiencia profesional como diseñador UX y UI dentro de equipos de desarrollo de software o contextos tecnológicos similares. Que cuenten con experiencia demostrable en investigación de usuarios, diseño de interfaces, y el uso de artefactos como Customer Journey Maps y Service Blueprints para entender, definir y mejorar la experiencia de productos y servicios digitales. 🛠️ Responsabilidades principales -Diseñar flujos de usuario intuitivos, seguros y centrados en las necesidades del usuario. -Crear prototipos navegables y realizar pruebas de usabilidad para optimizar eficiencia y claridad. -Asegurar consistencia visual en todos los canales digitales. -Diseñar experiencias inclusivas para diferentes perfiles de usuario. -Colaborar estrechamente con equipos de desarrollo, QA, producto y negocio. -Liderar talleres y espacios de cocreación para definir artefactos como Customer Persona, User Persona, Mapas de Empatía, Customer Journey Maps y Service Blueprints. -Realizar investigaciones cualitativas y cuantitativas para identificar oportunidades de mejora en la experiencia. -Definir o mejorar arquitecturas de información para optimizar la estructura de sitios y aplicaciones. -Diseñar interfaces atractivas y funcionales aplicando principios sólidos de diseño visual. -Contribuir en la definición y evolución de experiencias de atención al cliente. -Mantener y mejorar sistemas de diseño que aseguren coherencia visual y eficiencia. 🎓 Experiencia",Desarrollador de Software
desarrollador de software en velneo,EmpireSystem S.A.,"pichincha, Pichincha [inc.Quito]",500 USD año,2+ años de experiencia,"indefinido, jornada completa",,"informática | pichincha,pichincha [inc.quito] | indefinido, jornada completa | 500 USD año | 2+ años de experiencia","Participar en la ideación y diseño de los productos, atender problemas complejos y proponer soluciones robustas e innovadoras que contribuyan a mejoras en la plataforma de la empresa. HABILIDADES Y CONOCIMIENTOS REQUERIDOS Velneo",Desarrollador de Software
desarrolladores de software,Software Solutions,"Quito, Pichincha [inc.Quito]",,1+ años de experiencia,"indefinido, jornada completa",,"1+ años de experiencia | quito,pichincha [inc.quito] | informática | indefinido, jornada completa","Importante empresa Multinacional especializada en el desarrollo de Software para aplicaciones web, se encuentra en la apertura de sus oficinas en Ecuador, por lo cual busca incorporar a su equipo de trabajo los servicios profesionales de programadores junior, intermedios y avanzados. MISIÓN DEL PUESTO: desarrollar software de acuerdo a los requerimientos del cliente, utilizando las herramientas adecuadas, y siguiendo los estándares establecidos enfocados en tiempo y calidad. ENTRE LOS PROYECTO A DESARROLLAR ESTÁN: •Aplicaciones y páginas web front-end y back-end •Aplicaciones móviles RWD, Titanium, PhoneGap PERFIL General •Hombres o Mujeres con estudios finalizados o en curso en las carreras de Ingeniería en Software,Sistemas, Computación o afines. Deseable, opcional •Predisposición a aprender nuevos lenguajes de programación y metodologías. •Inglés intermedio o avanzado •Capacidad para trabajo en equipo y bajo presión y con orientación a resultados •Personas de cualquier ciudad ya que existe la posibilidad de trabajo desde casa PERFIL Front-End •Experiencia en HTML y CSS requerido •Conocimiento en Javascript de intermedio a avanzado requerido •Experiencia trabajando con JSON y AJAX deseable •Conocimiento de frameworks de javascript como jQuery, AngularJS, Backbone opcional •Conocimientos de base de datos opcional •Conocimientos de PHP o algún lenguaje de back-end y/o CMS como wordpress o joomla un gran plus •Experiencia con HTML5 y CSS3 opcional PERFIL Back-end • Conocimiento de bases de datos y SQL requerido •Conocimiento de RESTFUL web services requerido •Experiencia en programación orientada a objetos requerido •Experiencia con TDD opcional •Experiencia en desarrollo de proyectos mediante metodologías ágiles opcional •Experiencia con NoSQL opcional • Programadores en Java: conocimiento de orientación a objetos, frameworks como Hibernate, Spring, Struts, etc. requerido • Programadores Java: Experiencia en algún CMS como Liferay o CQ5 es un gran plus • Programadores en .NET: conocimiento del .NET framework, C#, ASP.NET, ADO.NET requerido • Programadores en .NET: conocimiento de algún CMS como Sitecore es un gran plus LA EMPRESA OFRECE: •Remuneración de acuerdo a experiencia, beneficios sociales •Buen ambiente de trabajo •Posibilidad de superación a nivel personal y profesional **@**.**, e indicar su aspiración salarial y el puesto para el que aplicarían de acuerdo a su perfil y experiencia.",Desarrollador de Software
se busca programador y/o empresa para desarrollo de software de avaluos,Aval System,"Quito, Pichincha [inc.Quito]",,2+ años de experiencia,"indefinido, jornada completa",,"indefinido, jornada completa | informática,ingeniería,inmobiliaria | quito,pichincha [inc.quito] | 2+ años de experiencia","Empresa Aval-System requiere: Programador y/o empresa, con alta experticia en los diversos lenguajes de programación , para el desarrollo de un software correspondiente al avaluo, tasación o valoración de bienes inmuebles. Para mayor información comunicarse al tlf: 0987261289 (Arq. Luis Almeida representante de la empresa Aval System)",Desarrollador de Software
desarrollador de software,Stack Builders,"Quito, Pichincha [inc.Quito]",,1+ años de experiencia,"indefinido, jornada completa",,"indefinido, jornada completa | quito,pichincha [inc.quito] | informática | 1+ años de experiencia","Stack Builders es una empresa de consultoría de software ágil con sede principal en Nueva York y oficinas en Ecuador. Estamos en busca de ingenieros de software talentosos para que sean parte de nuestro equipo en Quito. �Estás interesado en desarrollar proyectos para pequeñas y grandes empresas? �Quieres trabajar y aprender junto a desarrolladores experimentados dando solución a problemas complejos? �Te gustaría ser parte de un equipo internacional? �Eres el tipo de persona que le encanta aprender nuevas tecnologías, asistir a conferencias y crecer profesionalmente? Únete a nuestra creciente empresa y sé parte de nuestro equipo de ingeniería de clase mundial. Nuestras tecnologías incluyen Ruby y Haskell. También desarrollamos proyectos en Clojure, TypeScript, PureScript y Elm. Nuestro portafolio incluye proyectos como una aplicación para el control de instalaciones de luz sobre los rascacielos de Nueva York, plataformas de venta de tiquetes para la industria del turismo, la construcción completa de un sistema de banca móvil y la mejora de plataformas financieras con un alto tráfico de usuarios. Los candidatos deben estar interesados en aprender a construir sistemas sostenibles en lenguajes orientados a objetos y funcionales. Los desarrolladores con contribuciones al código abierto serán altamente valorados, pero este no es un requisito. Los candidatos deben tener un nivel medio-alto de inglés, además de conocimientos de front-end HTML, CSS. Estamos dispuestos a formar ingenieros inteligentes que sean nuevos en Ruby, Haskell y Clojure. El título universitario es un requisito obligatorio, pero también invitamos a aplicar a las personas que estén cercanas a su graduación. Otros beneficios incluyen: Beneficios sociales establecidos por ley. Capacitación continua. Seguro privado de salud y dental Eventos de Team Building y almuerzos frecuentes con el equipo Espacio de oficina de concepto abierto Costos de reubicación para los candidatos bien cualificados que se encuentren establecidos fuera de la ciudad de Quito. Para ser considerado para entrevista, por favor aplica al siguiente link **@**.** Las publicaciones en Accióntrabajo no serán consideradas, únicamente tomaremos en cuenta las aplicaciones recibidas en el URL adjunto.",Desarrollador de Software
desarrollador de software,Routing Goal Management Corp,"Quito, Pichincha [inc.Quito]",,1+ años de experiencia,"indefinido, jornada completa",,"1+ años de experiencia | indefinido, jornada completa | quito,pichincha [inc.quito] | informática","Con conocimientos y experiencia en Java, Phyton, Django, HTML, Php y bases de datos Mysql.",Desarrollador de Software
desarrollador de software php,Selección de Personal SA,"Quito, Pichincha [inc.Quito]",1676 USD mes,4+ años de experiencia,"temporal, jornada completa",,"telecomunicaciones | quito,pichincha [inc.quito] | temporal, jornada completa | 1676 USD mes | 4+ años de experiencia","Importante Institución Pública se encuentra en la búsqueda de 2 profesionales para trabajar en la modalidad de servicios profesionales sin relación de dependencia por 3 meses para el cumplimiento de un proyecto de software Funciones Principales: Desarrollo de sistemas de software Requerimientos: Titulo de 3 Nivel en las carreras de Ingeniería en Sistemas. Más de 4 años de experiencia en proyectos de Desarrollo de Software con arquitectura MVC y programación orientada a objetos. Dominio de lenguaje de programación PHP y sus frameworks Laravel, Yii y CodeIgniter, Javascript y Jquery. Amplio conocimiento y experiencia desarrollando Consultas, Procedimientos Almacenados, Triggers y Vistas en las bases de Datos MySQL, PostgreSQL,. Dominio en maquetación con HTML5, CSS3 y Bootstrap. Conocimiento y experiencia con los CMS Wordpress Edición de temas y plugins. Conocimiento básico de Power Designer. Experiencia con repositorios GIT.",Desarrollador de Software
analista de datos + oracle fusion/otbi,Sofka Technologies,"Quito , Ecuador",,,"indefinido, jornada completa",,"indefinido, jornada completa | quito ,ecuador | informática | 27 Septiembre 2025","✨ ¿Estás buscando nuevos desafíos y un lugar donde puedas disfrutar de un ambiente cercano mientras aprendes constantemente? ¡Bienvenido a un equipo con un propósito claro: ""TRANSFORMAR la vida de las personas siendo el aliado TECNOLÓGICO más confiable"" ! ¡Prepárate y únete a esta aventura! ¿Qué encontrarás? 🔧 Retos técnicos y personales que te mantendrán en constante crecimiento. 🤝 Un equipo conectado, enfocado en tu bienestar físico y mental. 🌱 Cultura de mejora continua, fresca y colaborativa, con oportunidades de aprendizaje y gente dispuesta a apoyarte. 🎓 KaizenHub , un programa diseñado para potenciar tus talentos, con feedback, mentorías y coaching a través de Sofka U. ¡Será un reto y un juego a la vez! 🧠🎮 🎉 Programas como Happy Kaizen y WeSofka que cuidan tu bienestar físico y emocional. ¿Qué buscamos? Estamos en busca de un/a Analista de Datos Senior apasionado/a por los datos y la toma de decisiones basadas en evidencia. Si te motiva transformar información en conocimiento, ¡esta oportunidad es para vos! - Profesional con 5+ años de experiencia en análisis descriptivo de datos, inteligencia de negocios y diseño de soluciones analíticas. - Con habilidades para recolectar, integrar y transformar grandes volúmenes de datos en reportes, dashboards e insights accionables . - Conocimiento profundo en procesamiento de datos, modelado, visualización e identificación de oportunidades de mejora . - Capacidad para entender requerimientos funcionales del negocio y traducirlos en soluciones técnicas de alto impacto. ¡Requisito excluyente! Experiencia comprobada en Oracle Fusion Cloud (ERP, HCM o SCM), especialmente en módulos de reportes y gestión de datos. 📌 Funciones principales 1. Diseño y generación de reportes OTBI -Crear reportes y análisis personalizados en Oracle Cloud ER",Analista de Datos
analista de datos (oracle fusion/otbi),Sofka Technologies,"Quito , Ecuador",,5+ años de experiencia,"indefinido, jornada completa",,"quito ,ecuador | 26 Septiembre 2025 | informática | 5+ años de experiencia | indefinido, jornada completa","✨ ¿ Estás buscando nuevos desafíos y un lugar donde puedas disfrutar de un ambiente cercano mientras aprendes constantemente? ¡Bienvenido a un equipo con un propósito claro: ""TRANSFORMAR la vida de las personas siendo el aliado TECNO LÓGICO más confiable""! 🚀💡 ¡Prepárate y únete a esta aventura! 🎯 ¿Qué encontrarás? 🔧 Retos técnicos y personales que te mantendrán en constante crecimiento. 🤝 Un equipo conectado, enfocado en tu bienestar físico y mental . 🌱 Cultura de mejora continua , fresca y colaborativa, con oportunidades de aprendizaje y gente dispuesta a apoyarte. 🎓 KaizenHub , un programa diseñado para potenciar tus talentos, con feedback , mentorías y coaching a través de Sofka U . ¡Será un reto y un juego a la vez! 🧠🎮 🎉 Programas como Happy Kaizen y WeSofka que cuidan tu bienestar físico y emocional. ¿Qué buscamos? Profesional con más de 5 años de experiencia en el análisis descriptivo de datos, inteligencia de negocios y diseño de soluciones analíticas. Se destaca por su capacidad para recolectar, integrar y transformar grandes volúmenes de información en reportes, dashboards e insights accionables que aportan valor a la toma de decisiones estratégicas. 💡 Es indispensable contar con experiencia y dominio de Oracle Fusion , especialmente en módulos relacionados con ERP, HCM, SCM o similares, debido a que la gestión de datos estará directamente relacionada con esta plataforma. 📌 Funciones principales 1. Diseño y generación de reportes OTBI Crear reportes y análisis personalizados en Oracle Cloud ERP, HCM o SCM. Configurar filtros dinámicos, subject areas y visualizaciones. Compartir reportes con roles y usuarios, asegurando control de accesos. 2. Gestión de dashboards en OAC (Oracle Analytics Cloud) Construir dashboards interactivos con múltiples",Analista de Datos
analista de seguridades,BANRED S.A.,"Quito, Pichincha [inc.Quito]",1 USD no especificado,1+ años de experiencia,"indefinido, jornada completa",,"1+ años de experiencia | indefinido, jornada completa | quito,pichincha [inc.quito] | informática,telecomunicaciones | 1 USD no especificado | 02 Septiembre 2025","¿Cuál es tu misión? Garantizar el cumplimiento del manual de normativas de seguridad informática mediante el uso eficiente de herramientas tecnológicas de gestión, promoviendo una atención proactiva, ágil y efectiva a los usuarios internos. Nivel de estudio: Ingeniero en Sistemas Computacionales, Telecomunicaciones, Tecnológicas o carreas afines. Años de experiencia: Mínimo 1 año en funciones de seguridades en áreas de tecnología o similares. ¿Qué te haría ser el candidato ideal? Conocimientos en: Hardware y software Protocolos de comunicación Ethical Hacking Manejo de incidentes Revisión y análisis de logs de auditoría Manejo de herramientas telemáticas Inglés nivel B1 ¿Cuáles serán tus retos? Aplicar auditorías a equipos según políticas internas. Validar datos sensibles y confidenciales en la red. Apoyar el mantenimiento del Sistema de Gestión de Seguridad de la Información. Monitorear y gestionar eventos e incidentes de seguridad. Operar herramientas de seguridad implementadas en la organización.",Analista de Datos
"desarrollador topaz + net hibrido quito, ecuador y uruguay",Sofka Technologies,"Quito , Ecuador",,5+ años de experiencia,"indefinido, jornada completa",,"quito ,ecuador | informática | 17 Octubre 2025 | 5+ años de experiencia | indefinido, jornada completa","¿ Estás buscando nuevos desafíos y un lugar donde puedas disfrutar de un ambiente cercano mientras aprendes constantemente? ¡Bienvenido a un equipo con un propósito claro: ""TRANSFORMAR la vida de las personas siendo el aliado TECNO LÓGICO más confiable""! 🚀 ¡Prepárate y únete a esta aventura! ¿Qué encontrarás? Retos técnicos y personales que te mantendrán en constante crecimiento. 🤝 Un equipo conectado, enfocado en tu bienestar físico y mental . Cultura de mejora continua , fresca y colaborativa, con oportunidades de aprendizaje y gente dispuesta a apoyarte. KaizenHub , un programa diseñado para potenciar tus talentos, con feedback , mentorías y coaching a través de Sofka U . ¡Será un reto y un juego a la vez! 🧠🎮 Programas como Happy Kaizen y WeSofka que cuidan tu bienestar físico y emocional. ¿Qué buscamos? Buscamos un Ingeniero de Desarrollo Semi Senior con una pasión comprobada por la tecnología y la banca, con 3 a 5 años de experiencia sólida desarrollando aplicaciones robustas en .NET Framework y .NET Core . Si posees profundo conocimiento en el diseño e integración de servicios SOAP y RESTful , manejo avanzado de bases de datos relacionales (Oracle/SQL Server) y estás comprometido con las buenas prácticas de desarrollo seguro , eres la persona que necesitamos. Responsabilidades Desarrollar y mantener el Core Bancario, tanto en el frontend como en el backend , asegurando su alineación con los requerimientos del negocio. Diseñar , codificar , probar e implementar nuevas funcionalidades de backend utilizando el stack .NET, siguiendo estrictos estándares de desarrollo seguro. Participar activamente en análisis técnico-funcional con líderes técnicos y analistas de negocio para definir soluciones. Integrar sistemas internos y externos a través de APIs , web service",Analista de Datos
especialista monitoreo transaccional remoto latam,Sofka Technologies,"Quito , Ecuador",,3+ años de experiencia,"indefinido, jornada completa",,"24 Septiembre 2025 | administración | quito ,ecuador | indefinido, jornada completa | 3+ años de experiencia","¿ Estás buscando nuevos desafíos y un lugar donde puedas disfrutar de un ambiente cercano mientras aprendes constantemente? ¡Bienvenido a un equipo con un propósito claro: ""TRANSFORMAR la vida de las personas siendo el aliado TECNO LÓGICO más confiable""! 🚀 ¡Prepárate y únete a esta aventura! ¿Qué encontrarás? Retos técnicos y personales que te mantendrán en constante crecimiento. 🤝 Un equipo conectado, enfocado en tu bienestar físico y mental . Cultura de mejora continua , fresca y colaborativa, con oportunidades de aprendizaje y gente dispuesta a apoyarte. KaizenHub , un programa diseñado para potenciar tus talentos, con feedback , mentorías y coaching a través de Sofka U . ¡Será un reto y un juego a la vez! 🧠🎮 Programas como Happy Kaizen y WeSofka que cuidan tu bienestar físico y emocional. ¿Qué buscamos? Buscamos a un(a) Analista de Prevención de Fraude para unirse a nuestro equipo. Si tienes entre 1 y 3 años de experiencia en áreas de fraude, banca, fintech o retail, y te apasiona el análisis de datos para la detección de actividades ilegales, este rol es para ti. Necesitamos a alguien proactivo, con gran atención al detalle y un pensamiento crítico que impulse la mejora continua de nuestros procesos. En este puesto, serás clave en la protección de nuestras transacciones y operaciones. Tu trabajo impactará directamente en la mitigación de riesgos financieros y el cumplimiento normativo . Tendrás la oportunidad de trabajar con herramientas avanzadas y colaborar en la implementación de soluciones innovadoras, incluyendo el uso de modelos de ML/IA. Responsabilidades Ejecutar y monitorear los procesos de prevención de fraude, analizando transacciones financieras. Elaborar reportes de gestión y KPIs de monitoreo de fraude . Identificar y resolver desviaciones o incidentes en los proces",Analista de Datos
analista de datos,BOTRIS CIA. LTDA,"QUITO, Pichincha [inc.Quito]",,1+ años de experiencia,"indefinido, jornada completa",,"quito,pichincha [inc.quito] | administración | 1+ años de experiencia | indefinido, jornada completa","Descripción de empleo Quieres formar parte del equipo BOTRIS CIA LTDA una de las principales empresas en RETAIL del país. Manejamos 11 marcas high end internacionales. Funciones: . Tener conocimiento en Programación SQL/EXCEL nivel avanzado/Programas de Visualización - *EJ: PowerBI, Tableau . Tener experiencia en Data Analisis. Requisitos: Tener estudios en alguna áreas que tenga que ver con programación de computadora, Ingeniería informática, economía, estadística, administración y dirección de empresas. . UN PLUS: Python o R.",Analista de Datos
analista de proyectos investigación de mercados,Dichter & Neira,"Quito, Pichincha [inc.Quito]",,2+ años de experiencia,"indefinido, jornada completa",,"2+ años de experiencia | indefinido, jornada completa | quito,pichincha [inc.quito] | administración,marketing","Empresa multinacional especializada en estudios de investigación de mercados busca Analista de Proyectos. Funciones: Apoyar al Gerente de proyectos en la ejecución de los estudios de mercado, asegurándose de un efectivo y eficiente proceso de inicio a fin, coordinado con los departamentos todo lo relacionado a los estudios asignados. Además debe brindar mayor profundidad a cada estudio, coordinadamente con el gerente, basado en su conocimiento y experiencia. Realizar análisis y recomendaciones a los clientes de acuerdo a los resultados de los estudios. Requisitos: Estudiante de últimos años, o recién graduado de Ing. Industrial / Estadística / Mercadeo. 1 a 2 años de experiencia en posiciones de análisis de datos, manejo de información, indicadores y marketing. Manejo estadístico y numérico. Microsoft Excel – Avanzado. Preferiblemente que tenga experiencia en agencias de investigación de mercados.",Analista de Datos
analista pricing,PRECISION,"Guayaquil, Guayas",800 USD mes,1+ años de experiencia,"temporal, jornada completa",,"guayaquil,guayas | electrónica | 800 USD mes | 1+ años de experiencia | temporal, jornada completa","Importante empresa líder en automatización industrial y transformación digital, esta en la búsqueda del nuevo Analista de Pricing para la Gerencia de Productos la cual está orientada principalmente a Diseñar e implementar estrategias, programas, productos y servicios, de acuerdo con el Plan Estratégico de la empresa, para asegurar el cumplimiento del presupuesto comercial establecido. ¿Cuáles serán tus principales desafíos? Ejecutar el desarollo y mantención de información del sistema de cálculo de precios, en cuanto a listas de precios tanto de ventas como de compras; Desarrollo y mantención de paneles y reportes corporativos. ¿Cuáles serán tus funciones específicas? Elaborar informes y reportes de los márgenes de negocios, ventas y hit rate. • Realizar, analizar y ejecutar solicitudes de descuentos con los proveedores hacia los clientes. • Apoyar en la creación de presupuesto de todas las divisiones comerciales, tanto interna como para proveedores. • Ingreso y Mantención de Información en base de datos de Bigquery. • Desarrollo y mantención de consultas para el cálculo de precios • Desarrollar y mejorar herramientas para el análisis de datos de la rentabilidad del negocio, tales como paneles de KPI y de segmentación. • Análisis de Información de Proveedores. • Análisis y Ejecución de Descuentos. • Apoyo y análisis de todo requerimiento que solicite el Jefe. • Realizar informe de Notas de créditos con proveedores Requisitos Estudios Técnico Superior Comercial, Técnico en administración de empresas, Ingeniería comercial, contador auditor o carreras afines o experiencia comprobada de a lo menos un año en áreas de control de gestión, o afín. Contar con un año de experiencia en el area",Analista de Datos
analista de mercadeo ecuador,Consultores S&S Asociados,"Quito, Pichincha [inc.Quito]",1000 USD mes,2+ años de experiencia,"indefinido, jornada completa",,"2+ años de experiencia | indefinido, jornada completa | quito,pichincha [inc.quito] | 1000 USD mes | informática","Importante empresa multinacional del sector de Tecnología requiere de un Analista de Mercadeo Ecuador. Deber ser Profesional en Administración de Empresas, Mercadeo, Publicidad o carreras afínes, relacionadas con la comercialización de productos de tecnología. Conocimientos en Diseño Gráfico. Excelente manejo del idioma inglés mínimo 80. Excelente manejo de Office. Experiencia de mínimo dos a tres años desempeñándose en cargos de Asistente del Área de Mercadeo. Deber tener conocimiento del mercado de tecnología, de productos y de soluciones de Infraestructura. Responsable de conseguir nuevas oportunidades de negocios o sospechas de oportunidades para la empresa usando el teléfono, y hacer el seguimiento a todas las oportunidades hasta su cierre, apoyar en la creación y depuración de los registros de contactos de la Base de Datos de la empresa, conocer y documentarse muy bien sobre la competencia para identificar las ventajas competitivas de la empresa frente a otros proveedores, negociar y promover iniciativas en cuanto a temas relacionados con productos, mercado y entrenamiento a los vendedores de las campañas de los productos, diseño de eventos, comunicación de campañas y entrenamiento.",Analista de Datos
"ingeniero en sistemas, programador o analista de sistemas",smartflow,"Quito, ecuador, Pichincha [inc.Quito]",900 USD mes,3+ años de experiencia,"temporal, jornada completa",,"temporal, jornada completa | 3+ años de experiencia | 900 USD mes | banca-finanzas | quito, ecuador,pichincha [inc.quito]","Herramienta Descripcion NIVEL HTML Conocimiento de HTML 5 robusto Intermedio CSS Debe tener experiencia con el uso de CSS en paginas web Intermedio Java Script Debe tener experiencia con el uso de Java Script en paginas web o librerias relacionadas Intermedio MS SQL Server Administrar base de datos Basico MS .Net Paginas ASP, MVC, C#, Web Services Intermedio Java Desarrollo basico con Java Deseable PHP Desarrollo basico con PHP Deseable Photoshop Conocimientos en diseño grafico con photoshop o herramientas realcionadas Deseable",Analista de Datos
analista programador,ANS del Ecuador,"Guayaquil, Guayas",,1+ años de experiencia,"temporal, jornada completa",,"informática | guayaquil,guayas | temporal, jornada completa | 1+ años de experiencia","Dominio de Lenguajes de Programación JAVA y PHP. Experiencia mínimo de un año en: SQL (preferiblemente en bases de datos MSSQL, MySQL); WEB (CSS3, HTML, Bootstrap, Java, Script, JQuery); IDE´s de desarrollo(Netbeans, Eclipse). Evaluaremos conocimientos técnicos y competencias relacionadas con análisis lógico y analítico, orientación a resultados y proactividad. Enviar CV favor incluir aspiración Salarial",Analista de Datos
analista marketing - mujeres,PARMEG S.A,"GUAYAQUIL, Guayas",450 USD año,1+ años de experiencia,"indefinido, jornada completa",,"administración,diseño,marketing | 450 USD año | guayaquil,guayas | indefinido, jornada completa | 1+ años de experiencia","EMPRESA DE SERVICIO INTEGRAL (OBRA CIVIL, CONSTRUCCION, SEGURIDAD, ELECTRICA, DATOS, ENTRE OTROS) BUSCA CONTRATAR ING COMERCIAL, EMPRENDIMIENTO, VENTAS, MARKETING O AFINES PARA DESEMPEÑARSE COMO: - Asesor Comercial:. Es importante constar con conocimientos en: Experiencia en Ventas de Servicios, de preferencia con experiencia en ventas corporativas y organización de cursos o capacitaciones - Indispensable Conocimientos para elaborar campañas de Marketing. Manejo de ventas por Tele marketing y Visitas de clientes Manejo de Redes Sociales (LinkedIn, Twitter, Youtube, Instagram, Facebook, Whatsapp Empresarial) para difusión y promoción de los servicios. Manejo de Presupuestos Comerciales Disponibilidad para hacer trabajo en dos modalidades: Oficina y Teletrabajo. PERFIL NECESARIO: Muy Buenas habilidades de comunicación Orientación al logro de objetivos, Buena presencia, Ser proactivo y empático, Capacidad de negociación. SE OFRECE: Sueldo Fijo y sueldo variable (comisión por ventas). Estabilidad Laboral Buen ambiente de trabajo Capacitación constante. Tener entre 18 - 35 años.",Analista de Datos
analista de programas,Childfund International,"Quito, Pichincha [inc.Quito]",1200 USD no especificado,2+ años de experiencia,"temporal, jornada completa",,"quito,pichincha [inc.quito] | administración | 1200 USD no especificado | 2+ años de experiencia | temporal, jornada completa","Propósito del cargo: El analista de Programas trabajará conjuntamente en el procesamiento de información proveniente de los socios locales tanto en los niveles de monitoreo establecidos por la Organización cuanto para responder a los requerimientos gubernamentales. El analista de Programas tiene por responsabilidad principal el procesamiento de datos a diferentes niveles para la generación de reportes, alertas tempranas en la toma de decisiones y la rendición de cuentas internas y externas. Generará instrumentos para consolidación de información y reportes automatizados. Responsabilidades Principales • Generar matrices base. • Generar reportes consolidados y matrices semaforizadas de desempeño mensual. • Procesar la información de coberturas y alcances cuantitativos de Programas del año 2017 • Procesar bases de información de coberturas de afiliados para generar alertas tempranas de indicadores. • Procesar información consolidada de ""conteo de beneficiarios"" del año fiscal 2018 Profesión: Licenciatura Multilingüe en Negocios y Relaciones Internacionales, Ing. en Administración de Empresas o Estadístico Requisitos específicos: • Al menos 2 años de experiencia en procesamiento de datos cuantitativos y cualitativos • Al menos 2 años de experiencia en manejo de sistemas estadísticos • Experiencia comprobada en manejo avanzado de utilitarios, con énfasis en Excel avanzado y bases de datos. • Deseable experiencia de trabajo en empresas o instituciones con manejo de BIG DATA • Deseable conocimiento de construcción de indicadores de desempeño, indicadores sociales e instrumentos de levantamiento de información censal. Sede de trabajo: Ciudad de Quito Las personas interesadas deben hacer llegar sus postulaciones adjuntando la siguiente documentación: • Carta de Postulación indicando los intereses que motivan la postulación, pretensión salarial y disponibilidad. Indicar correo electrónico al que se enviará el link para ingresar Hoja de Vida. • El plazo de solicitud de link y envío de la carta de postulación es hasta el viernes 9 de febrero a hrs. 12:00 • El llenado y envío del Formato de Hoja de vida en el link podrá ser realizado hasta el domingo 11 de Febrero.",Analista de Datos
perfil analista de sistemas,SIMPLUSLATAM,"Guayaquil, Guayas",,3+ años de experiencia,"indefinido, jornada completa",,"guayaquil,guayas | comercio,informática,marketing | 3+ años de experiencia | indefinido, jornada completa","Desarrollar y dar mantenimiento a los componentes del software, según las especificaciones funcionales y de diseño, tales como: componentes de librería de clases, estructuras de base de datos, programas de base de datos, reportes e interfaces de integración con otros sistemas. Pruebas unitarias de los componentes desarrollados. Documentación de los componentes desarrollados. Manejo de sistema de control de fuentes (TFS) para protección de los elementos de los componentes desarrollados.",Analista de Datos
analista de operaciones campo,Dichter & Neira,"Manta, Manabí",,2+ años de experiencia,"indefinido, jornada completa",,"manufactura,ingeniería,administración | manta,manabí | indefinido, jornada completa | 2+ años de experiencia","Empresa dedicada a realizar estudios de investigación de mercados busca Analista de Operaciones para su departamento de recolección de datos en calle campo. Funciones: Seguimiento del proceso de recolección. Armar los planes diarios de trabajo operativos y sistemáticos. Requisitos: - Ing. Industrial o Lic. en Administración o Logística. - Excel avanzado dominio de tablas dinámicas, formulas, gráficos. - Conocimiento geográfico del país. - Experiencia mínima de 2 años en posiciones relacionadas a distribución y manejo de rutas.",Analista de Datos
administrador de base de datos- excel 100,Asistecom,"Quito, Pichincha [inc.Quito]",500 USD mes,1+ años de experiencia,"indefinido, jornada completa",,"1+ años de experiencia | indefinido, jornada completa | quito,pichincha [inc.quito] | otro | 500 USD mes","Tiempo full time. Disponobilidad para trabajar cualquier horario. Menos la noche Sexo: Hombre o mujer Edad: 22 años hasta 34 años Estado civil: Preferible soltero/a Estudios: BACHILLER. No estudiante debido que el trabajo es FULL TIME Experiencia: 1 año mínimo de experiencia en puesto de análisis de datos tal como: analista de consola de banco. Conocimiento: Manejo del Excel al 100 Competencias: Proactivo, capacidad de análisis, orientación al Logro, preocupación por orden, calidad y precisión y orientación al servicio al cliente. Sueldo: $354 más bono de desempeño total $500 FULL TIME Puestos vacantes: 2",Analista de Datos
analista de aseguramiento de la calidad qa (tester),Bupartech,"Quito, Pichincha [inc.Quito]",1 USD mes,3+ años de experiencia,"temporal, jornada completa",,"temporal, jornada completa | 3+ años de experiencia | ingeniería | 1 USD mes | quito,pichincha [inc.quito]","Responsabilidades: Diseñar, planificar y ejecutar casos de prueba manuales y automatizados. Colaborar con el equipo de desarrollo para comprender los requisitos y especificaciones del software. Identificar y documentar defectos, seguimiento de su resolución y verificación de correcciones. Desarrollar y mantener scripts de prueba automatizados utilizando herramientas pertinentes. Realizar pruebas de rendimiento, seguridad y usabilidad según sea necesario. Colaborar en la mejora continua de procesos y estándares de calidad. Título académico: Ing. Sistemas o Telecomunicaciones o Informático o Computación o Ciencias de la Informática o ramas relacionadas a las TICs. Registrado en el Senecyt. Tiempo Mínimo de Experiencia: 2 años Número de proyectos: al menos 1 Experiencia Mínima: Deberá acreditar experiencia obligatoria acumulada en: Pruebas de software funcionales y no funcionales (carga y estrés). Elaboración de planes y casos (guiones) de prueba. Pruebas de servicios web. Uso de herramientas para la administración de base de datos: Oracle, PL/SQL. Despliegue de aplicativos en JEE. Experiencia deseable acumulada en: Pruebas de software funcionales y no funcionales (carga y estrés) en instituciones financieras. Software de control de versiones SVN. Uso de herramientas para la automatización de pruebas. Certificación vigente como Tester para la realización de pruebas de software emitida por el ISTQB: Certified Tester Foundation Level, para lo cual se deberá presentar una copia simple de la certificación obtenida. Para la experiencia obligatoria y deseable, se deberá presentar copia de un certificado laboral, contrato o acta entrega recepción parcial/definitiva de al menos un proyecto en el que haya participado como Analista de Aseguramiento de la Calidad QA, o su equivalente.",Analista de Datos
analista de costos,Goddard Catering Group Quito,"Quito, Pichincha [inc.Quito]",,3+ años de experiencia,"indefinido, jornada completa",,"quito,pichincha [inc.quito] | alimentos | 3+ años de experiencia | indefinido, jornada completa","Requisitos Experiencia comprobada como analista de costos, especialista en costos o función similar De preferencia que viva en el sector de Tababela, Cumbayá, Puembo Experiencia de 3 años en análisis de datos, operacional y financiero en empresas procesadoras de alimentos Conocimiento de procesos y software contables. Fuertes habilidades analíticas Una perspicacia para los negocios Gran atención al detalle Buena aptitud comunicativa Licenciatura en Finanzas, Contabilidad o campo similar; Se prefiere Contador Público Certificado (CPA)",Analista de Datos
analista marketing,PARMEG S.A,"GUAYAQUIL, Guayas",400 USD mes,1+ años de experiencia,"indefinido, jornada completa",,"indefinido, jornada completa | 1+ años de experiencia | marketing | 400 USD mes | guayaquil,guayas","EMPRESA DE SERVICIO INTEGRAL (OBRA CIVIL, CONSTRUCCION, SEGURIDAD, ELECTRICA, DATOS, ENTRE OTROS) BUSCA CONTRATAR ING COMERCIAL, EMPRENDIMIENTO, VENTAS, MARKETING O AFINES PARA DESEMPEÑARSE COMO: - Analista de Marketing:. Es importante constar con conocimientos en: Experiencia en Telemarketing, Coordinación de campañas publicitarias, Jefe de productos y con experiencia en ventas corporativas y organización de cursos o capacitaciones - Indispensable Conocimientos para elaborar campañas de Marketing. Manejo de ventas por Tele marketing y Visitas de clientes Manejo de Redes Sociales (LinkedIn, Twitter, Youtube, Instagram, Facebook, Whatsapp Empresarial) para difusión y promoción de los servicios. Manejo de Presupuestos Comerciales Disponibilidad para hacer trabajo en dos modalidades: Oficina. PERFIL NECESARIO: Muy Buenas habilidades de comunicación Orientación al logro de objetivos, Buena presencia, Ser proactivo y empático, Capacidad de negociación. SE OFRECE: Sueldo Fijo y sueldo variable (comisión por ventas). Estabilidad Laboral Buen ambiente de trabajo Capacitación constante. Tener entre 18 - 35 años.",Analista de Datos
analista desarrollador,Technology Partners,"Guayaquil, Guayas",,3+ años de experiencia,"indefinido, jornada completa",,"informática | guayaquil,guayas | indefinido, jornada completa | 3+ años de experiencia","Cobis -FrontEnd: Visual basic 6 BackEnd: -Base de datos sybase, sql server -stored procedures -sqr -Conocimiento de mòdulos cobis: Cams(tarjetas), mis, terminal administrativa (tadmin), plazo fijo, terminal financiera (cajas),contabilidad, comext, mip, administrador de banca virtual. -A nivel de BE conocer de las bases cob_cuentas, cob_ahorros, cob_atm, cobis, cob_pfijo, cob_cajas, cob_conta, cob_comext, cob_bvirtual",Analista de Datos
qa automation senior | híbrido en quito,Sofka Technologies,"Quito , Ecuador",,5+ años de experiencia,"indefinido, jornada completa",,"01 Octubre 2025 | ingeniería | quito ,ecuador | indefinido, jornada completa | 5+ años de experiencia","¿ Estás buscando nuevos desafíos y un lugar donde puedas disfrutar de un ambiente cercano mientras aprendes constantemente? ¡Bienvenido a un equipo con un propósito claro: ""TRANSFORMAR la vida de las personas siendo el aliado TECNO LÓGICO más confiable""! 🚀 ¡Prepárate y únete a esta aventura! ¿Qué encontrarás? Retos técnicos y personales que te mantendrán en constante crecimiento. 🤝 Un equipo conectado, enfocado en tu bienestar físico y mental . Cultura de mejora continua , fresca y colaborativa, con oportunidades de aprendizaje y gente dispuesta a apoyarte. KaizenHub , un programa diseñado para potenciar tus talentos, con feedback , mentorías y coaching a través de Sofka U . ¡Será un reto y un juego a la vez! 🧠🎮 Programas como Happy Kaizen y WeSofka que cuidan tu bienestar físico y emocional. ¿Qué buscamos? Buscamos un QA Automation Senior con al menos 5 años de experiencia, apasionado por la excelencia y listo para tomar las riendas de nuestra estrategia de calidad. Tu misión será dirigir y ejecutar pruebas manuales y automáticas, implementando las mejores prácticas internacionales en pruebas funcionales, no funcionales y de performance para garantizar la robustez de nuestros desarrollos de software.🚀 Este rol es una oportunidad única para liderar las métricas de calidad que guíen nuestro éxito y mejorar continuamente nuestros procesos de automatización. Si buscas un desafío donde tu visión y experiencia técnica generen un impacto directo en el producto, este es tu lugar. ¿Qué harás? Dirigir y ejecutar pruebas manuales y automáticas para desarrollos de software complejos. Diseñar e implementar métricas de calidad de software, como cobertura de pruebas y cantidad de errores. Gestionar, dirigir y liderar equipos de trabajo, fomentando su desarrollo y la excelencia técnica. Mejor",QA
qa automation senior | híbrido en quito,Sofka Technologies,"Quito , Ecuador",,5+ años de experiencia,"indefinido, jornada completa",,"24 Octubre 2025 | ingeniería | quito ,ecuador | indefinido, jornada completa | 5+ años de experiencia","¿ Estás buscando nuevos desafíos y un lugar donde puedas disfrutar de un ambiente cercano mientras aprendes constantemente? ¡Bienvenido a un equipo con un propósito claro: ""TRANSFORMAR la vida de las personas siendo el aliado TECNO LÓGICO más confiable""! 🚀 ¡Prepárate y únete a esta aventura! ¿Qué encontrarás? Retos técnicos y personales que te mantendrán en constante crecimiento. 🤝 Un equipo conectado, enfocado en tu bienestar físico y mental . Cultura de mejora continua , fresca y colaborativa, con oportunidades de aprendizaje y gente dispuesta a apoyarte. KaizenHub , un programa diseñado para potenciar tus talentos, con feedback , mentorías y coaching a través de Sofka U . ¡Será un reto y un juego a la vez! 🧠🎮 Programas como Happy Kaizen y WeSofka que cuidan tu bienestar físico y emocional. ¿Qué buscamos? Buscamos un QA Automation Senior con al menos 5 años de experiencia, apasionado por la excelencia y listo para tomar las riendas de nuestra estrategia de calidad. Tu misión será dirigir y ejecutar pruebas manuales y automáticas, implementando las mejores prácticas internacionales en pruebas funcionales, no funcionales y de performance para garantizar la robustez de nuestros desarrollos de software.🚀 Este rol es una oportunidad única para liderar las métricas de calidad que guíen nuestro éxito y mejorar continuamente nuestros procesos de automatización. Si buscas un desafío donde tu visión y experiencia técnica generen un impacto directo en el producto, este es tu lugar. ¿Qué harás? Dirigir y ejecutar pruebas manuales y automáticas para desarrollos de software complejos. Diseñar e implementar métricas de calidad de software, como cobertura de pruebas y cantidad de errores. Gestionar, dirigir y liderar equipos de trabajo, fomentando su desarrollo y la excelencia técnica. Mejorar co",QA
"qa semisenior | híbrido en uruguay, colombia y ecuador",Sofka Technologies,"Quito , Ecuador",,,"indefinido, jornada completa",,"indefinido, jornada completa | 29 Agosto 2025 | ingeniería | quito ,ecuador","✨ ¿ Estás buscando nuevos desafíos y un lugar donde puedas disfrutar de un ambiente cercano mientras aprendes constantemente? ¡Bienvenido a un equipo con un propósito claro: ""TRANSFORMAR la vida de las personas siendo el aliado TECNO LÓGICO más confiable""! 🚀💡 ¡Prepárate y únete a esta aventura! 🎯 ¿Qué encontrarás? 🔧 Retos técnicos y personales que te mantendrán en constante crecimiento. 🤝 Un equipo conectado, enfocado en tu bienestar físico y mental . 🌱 Cultura de mejora continua , fresca y colaborativa, con oportunidades de aprendizaje y gente dispuesta a apoyarte. 🎓 KaizenHub , un programa diseñado para potenciar tus talentos, con feedback , mentorías y coaching a través de Sofka U . ¡Será un reto y un juego a la vez! 🧠🎮 🎉 Programas como Happy Kaizen y WeSofka que cuidan tu bienestar físico y emocional. ¿Qué buscamos? Buscamos un QA Automatizador Semisenior que disfrute asegurar la calidad, prevenir fallos y llevar la automatización a otro nivel 🚀 💡 ¿Qué harás? ✔️ Ejecutarás pruebas manuales y automáticas (funcionales y no funcionales) para evaluar el comportamiento del software. ✔️ Colaborarás en la implementación de prácticas de pruebas con estándares internacionales a lo largo del ciclo de desarrollo. ✔️ Apoyarás la automatización de pruebas para frontend y backend. ✔️ Contribuirás con la documentación de resultados, el análisis de métricas de calidad, seguimiento de errores y cobertura de pruebas. ✔️ Participarás en el uso de herramientas de performance, gestión de defectos y CI/CD. ✔️ Estarás en constante aprendizaje y desarrollo en QA, acompañada por profesionales más experimentados. ¿Qué buscamos? ✅Serenity BDD, Cypress, Karate, Robot Framework| ✅ Conocimiento en herramientas de gestión de pruebas de software. ✅ Conocimiento",QA
qa automatizador senior - remoto global (cédula ecuatoriana),Sofka Technologies,"Quito , Ecuador",,5+ años de experiencia,"indefinido, jornada completa",,"indefinido, jornada completa | 5+ años de experiencia | 27 Agosto 2025 | ingeniería | quito ,ecuador","✨ ¿ Estás buscando nuevos desafíos y un lugar donde puedas disfrutar de un ambiente cercano mientras aprendes constantemente? ¡Bienvenido a un equipo con un propósito claro: ""TRANSFORMAR la vida de las personas siendo el aliado TECNO LÓGICO más confiable""! 🚀💡 ¡Prepárate y únete a esta aventura! 🎯 ¿Qué encontrarás? 🔧 Retos técnicos y personales que te mantendrán en constante crecimiento. 🤝 Un equipo conectado, enfocado en tu bienestar físico y mental . 🌱 Cultura de mejora continua , fresca y colaborativa, con oportunidades de aprendizaje y gente dispuesta a apoyarte. 🎓 KaizenHub , un programa diseñado para potenciar tus talentos, con feedback , mentorías y coaching a través de Sofka U . ¡Será un reto y un juego a la vez! 🧠🎮 🎉 Programas como Happy Kaizen y WeSofka que cuidan tu bienestar físico y emocional. ¿Qué buscamos? 💡 Un QA Automatizador Senior con cédula ecuatoriana y de 4 a 5 años de experiencia , capaz de liderar procesos de pruebas manuales y automáticas para asegurar la calidad de software en todo su ciclo de vida. Este rol será clave para implementar prácticas de prueba internacionales, automatizar flujos en frontend, backend y móviles, y garantizar métricas de calidad que impulsen la excelencia en cada entrega. Responsabilidades principales: Diseñar estrategias y planes de prueba basados en historias de usuario (BDD). Ejecutar pruebas funcionales y no funcionales. Implementar y mantener flujos de automatización en frontend (web, móviles) y backend (servicios). Colaborar en la definición de criterios de aceptación y levantamiento de riesgos de calidad. Gestionar defectos y documentar resultados de pruebas. Diseñar y aplicar métricas de calidad (bugs, cobertura de pruebas, calidad de código). Utilizar herramientas de performance y pruebas de c",QA
qa automatizador | ecu,Sofka Technologies,"Quito , Ecuador",,5+ años de experiencia,"indefinido, jornada completa",,"petróleo | 22 Agosto 2025 | quito ,ecuador | indefinido, jornada completa | 5+ años de experiencia","Esta no es una vacante convencional Sofka Talent Day – Ecuador Estás a punto de postularte a una experiencia única: Un evento presencial exclusivo para perfiles TI seleccionados. Si tu perfil se alinea con esta vacante, tendrás la oportunidad de: 💻 Participar en un proceso corto virtual (reto técnico y/o entrevista técnica) 📅 Y si avanzas, serás invitado/a a una jornada presencial en Quito 🎤 Con charlas, entrevistas en vivo y conexión directa con nuestra cultura ¿Quieres vivir Sofka desde adentro? Sigue leyendo y postúlate. ¡Esta experiencia puede ser para ti! ¿Qué buscamos? 💡 Un QA Automatizador con 4 a 5 años de experiencia , capaz de liderar procesos de pruebas manuales y automáticas para asegurar la calidad de software en todo su ciclo de vida. Este rol será clave para implementar prácticas de prueba internacionales, automatizar flujos en frontend, backend y móviles, y garantizar métricas de calidad que impulsen la excelencia en cada entrega. Responsabilidades principales: Diseñar estrategias y planes de prueba basados en historias de usuario (BDD). Ejecutar pruebas funcionales y no funcionales. Implementar y mantener flujos de automatización en frontend (web, móviles) y backend (servicios). Colaborar en la definición de criterios de aceptación y levantamiento de riesgos de calidad. Gestionar defectos y documentar resultados de pruebas. Diseñar y aplicar métricas de calidad (bugs, cobertura de pruebas, calidad de código). Utilizar herramientas de performance y pruebas de carga. Participar en eventos ágiles y promover mejores prácticas de pruebas. Trabajar con código fuente en repositorios de versionamiento. Colaborar en la integración de analítica de datos y modelos de IA en el proceso de prueba. Requisitos: Formación: Ingeniero en sistemas o carreras afines. Experiencia: 4 a 5 años como QA Automatizador S",QA
qa engineer | ecu,Sofka Technologies,"Quito , Ecuador",,,"indefinido, jornada completa",,"quito ,ecuador | ingeniería | 23 Agosto 2025 | indefinido, jornada completa","Esta no es una vacante convencional Sofka Talent Day – Ecuador Estás a punto de postularte a una experiencia única: Un evento presencial exclusivo para perfiles TI seleccionados. Si tu perfil se alinea con esta vacante, tendrás la oportunidad de: 💻 Participar en un proceso corto virtual (reto técnico y/o entrevista técnica) 📅 Y si avanzas, serás invitado/a a una jornada presencial en Quito 🎤 Con charlas, entrevistas en vivo y conexión directa con nuestra cultura ¿Quieres vivir Sofka desde adentro? Sigue leyendo y postúlate. ¡Esta experiencia puede ser para ti! ¿Qué buscamos? Estamos buscando un/a QA Engineer con experiencia en pruebas manuales y automáticas, capaz de diseñar estrategias de pruebas funcionales y no funcionales, contribuir a la automatización, monitorear la calidad del software y aplicar prácticas internacionales a lo largo del ciclo de vida del desarrollo. ✅Lo que harás: Participar en eventos ágiles del equipo y definición de criterios de aceptación. Diseñar estrategias y planes de prueba en formato BDD. Ejecutar pruebas funcionales y no funcionales según la estrategia definida. Gestionar defectos y documentar resultados. Identificar riesgos de calidad y flujos candidatos para automatización. Implementar pruebas automatizadas para aplicaciones frontend (web, móviles) y backend (servicios). Contribuir a la creación de métricas de calidad (bugs, cobertura, calidad de código). Automatizar pruebas de rendimiento y seguridad. Monitorear ambientes no productivos y productivos. 🎯Lo que buscamos en ti: Experiencia: Conocimiento sólido en QA y automatización (ideal ISTQB FL/AT). Conocimientos en: Procesos y tipos de pruebas. Herramientas de gestión (Jira X-ray, Confluence). Automatización con SerenityBDD, Screenplay, Gherkin-Cucumber, Karate, Gradle, Appium. Pruebas de performance con JMeter, K6. Prueba",QA
qa automatizador semi senior - con cédula ecuatoriana,Sofka Technologies,"Quito , Ecuador",,,"indefinido, jornada completa",,"indefinido, jornada completa | 15 Agosto 2025 | ingeniería | quito ,ecuador","✨ ¿Te apasiona asegurar la calidad del software y te gustaría formar parte de un equipo con propósito y foco en la excelencia? ¡Bienvenido a un equipo que TRANSFORMA la vida de las personas siendo el aliado TECNOLÓGICO más confiable! 🚀💡 ¡ÚNETE a esta aventura tecnológica y evoluciona con nosotros! 🎯 ¿Qué encontrarás? 🔧 Retos técnicos desafiantes que te impulsarán a crecer cada día. 🤝 Un equipo cercano, colaborativo y enfocado en tu bienestar integral. 🌱 Cultura de mejora continua, aprendizaje constante y acompañamiento profesional. 🎓 Acceso a programas como KaizenHub , mentorías, coaching y espacios de feedback a través de Sofka U . 🎉 Iniciativas como Happy Kaizen y WeSofka , para cuidar tu bienestar físico, emocional y profesional. ¿Qué buscamos? 💡 Un QA Automatizador Semi Senior con experiencia en pruebas manuales y automáticas, capaz de garantizar la calidad del software a lo largo de todo el ciclo de desarrollo. Este rol implica colaborar en la implementación de buenas prácticas internacionales, apoyar en la automatización de pruebas en frontend, backend y móviles, y contribuir a la definición de métricas que aseguren entregas de alto nivel. Responsabilidades principales: Ejecutar pruebas funcionales y no funcionales . Implementar flujos de automatización en frontend (web, móviles) y backend (servicios). Participar en la definición de criterios de aceptación y levantamiento de riesgos de calidad. Diseñar estrategias y planes de prueba en formato BDD . Diseñar casos de prueba funcionales y no funcionales. Gestionar defectos y documentar resultados. Utilizar herramientas de performance y pruebas de carga. Participar en ceremonias y prácticas ágiles del equipo. Colaborar en la medición de métricas de calidad (bugs, cobertura, calidad de código). Trabajar con repositorios de versionamiento de",QA
ux/ui semi senior- quito- ecuador,Sofka Technologies,"Quito , Ecuador",,,"indefinido, jornada completa",,"quito ,ecuador | diseño | 21 Octubre 2025 | indefinido, jornada completa","¿ Estás buscando nuevos desafíos y un lugar donde puedas disfrutar de un ambiente cercano mientras aprendes constantemente? ¡Bienvenido a un equipo con un propósito claro: ""TRANSFORMAR la vida de las personas siendo el aliado TECNO LÓGICO más confiable""! 🚀 ¡Prepárate y únete a esta aventura! ¿Qué encontrarás? Retos técnicos y personales que te mantendrán en constante crecimiento. 🤝 Un equipo conectado, enfocado en tu bienestar físico y mental . Cultura de mejora continua , fresca y colaborativa, con oportunidades de aprendizaje y gente dispuesta a apoyarte. KaizenHub , un programa diseñado para potenciar tus talentos, con feedback , mentorías y coaching a través de Sofka U . ¡Será un reto y un juego a la vez! 🧠🎮 Programas como Happy Kaizen y WeSofka que cuidan tu bienestar físico y emocional. ¿Qué buscamos? Buscamos un Diseñador UX/UI Semi Senior con experiencia en investigación de usuarios y diseño de interfaces digitales para productos de alto impacto. Serás parte de un equipo ágil y multidisciplinario, colaborando con desarrollo, QA y negocio para crear experiencias consistentes, seguras y centradas en las personas. Tu rol será clave para transformar necesidades en soluciones visuales y funcionales que generen valor. Si disfrutas entender al usuario, crear flujos intuitivos y mantener coherencia en cada interacción, esta oportunidad es para ti. Responsabilidades principales: Diseñar flujos de usuario intuitivos y seguros en productos digitales. Crear prototipos y pruebas de usabilidad enfocados en la claridad, eficiencia y satisfacción del usuario. Garantizar la consistencia visual en todos los canales y productos. Colaborar estrechamente con los equipos de desarrollo, QA y producto. Liderar talleres de co-creación e ideación utilizando herramientas digitales (Miro, Mural). Aplicar metodo",QA
desarrollador backend nestjs semisenior,Sofka Technologies,"Quito , Ecuador",,,"indefinido, jornada completa",,"25 Septiembre 2025 | informática | quito ,ecuador | indefinido, jornada completa","✨ ¿ Estás buscando nuevos desafíos y un lugar donde puedas disfrutar de un ambiente cercano mientras aprendes constantemente? ¡Bienvenido a un equipo con un propósito claro: ""TRANSFORMAR la vida de las personas siendo el aliado TECNO LÓGICO más confiable""! 🚀💡 ¡Prepárate y únete a esta aventura! 🎯 ¿Qué encontrarás? 🔧 Retos técnicos y personales que te mantendrán en constante crecimiento. 🤝 Un equipo conectado, enfocado en tu bienestar físico y mental . 🌱 Cultura de mejora continua , fresca y colaborativa, con oportunidades de aprendizaje y gente dispuesta a apoyarte. 🎓 KaizenHub , un programa diseñado para potenciar tus talentos, con feedback , mentorías y coaching a través de Sofka U . ¡Será un reto y un juego a la vez! 🧠🎮 🎉 Programas como Happy Kaizen y WeSofka que cuidan tu bienestar físico y emocional. ¿Qué buscamos? 💡 Un Desarrollador Backend Semi Senior apasionado por crear soluciones escalables y de alto rendimiento. Será responsable de diseñar, implementar y mantener servicios backend eficientes, colaborando estrechamente con equipos de frontend, QA y producto, y asegurando calidad técnica en cada entrega. Responsabilidades principales: Diseñar, desarrollar y mantener servicios backend escalables usando NestJS + TypeScript . Implementar arquitecturas limpias y patrones como Clean Architecture, DDD y CQRS . Integrar y optimizar comunicación asíncrona con RabbitMQ o Kafka . Orquestar servicios con Kubernetes y asegurar disponibilidad en AWS . Realizar revisiones de código y aplicar estándares de calidad. Implementar reglas de inspección en pipelines CI/CD . Analizar y resolver problemas técnicos complejos, incluyendo desempeño y escalabilidad. Colaborar con el equipo para alinear las soluciones con la visión del producto y las necesidades del negoci",QA
arquitecto de soluciones senior,Sofka Technologies,"Quito , Ecuador",,,"indefinido, jornada completa",,"14 Agosto 2025 | arquitectura | quito ,ecuador | indefinido, jornada completa","✨ ¿ Estás buscando nuevos desafíos y un lugar donde puedas disfrutar de un ambiente cercano mientras aprendes constantemente? ¡Bienvenido a un equipo con un propósito claro: ""TRANSFORMAR la vida de las personas siendo el aliado TECNO LÓGICO más confiable""! 🚀💡 ¡Prepárate y únete a esta aventura! 🎯 ¿Qué encontrarás? 🔧 Retos técnicos y personales que te mantendrán en constante crecimiento. 🤝 Un equipo conectado, enfocado en tu bienestar físico y mental . 🌱 Cultura de mejora continua , fresca y colaborativa, con oportunidades de aprendizaje y gente dispuesta a apoyarte. 🎓 KaizenHub , un programa diseñado para potenciar tus talentos, con feedback , mentorías y coaching a través de Sofka U . ¡Será un reto y un juego a la vez! 🧠🎮 🎉 Programas como Happy Kaizen y WeSofka que cuidan tu bienestar físico y emocional. ¿Qué buscamos? 💡 Personas apasionadas por el diseño, la evaluación y la implementación de soluciones tecnológicas que cumplan con los lineamientos institucionales, asegurando que sean escalables, seguras, adaptables y simples. Liderar la definición de arquitectura, aplicar patrones definidos, realizar pruebas de concepto y acompañar técnicamente al equipo de desarrollo para garantizar calidad e innovación en los proyectos. Responsabilidades principales: Diseñar y evaluar arquitecturas alineadas con las necesidades del negocio y políticas institucionales. Guiar al equipo de desarrollo en la comprensión e implementación de la arquitectura. Aplicar patrones de arquitectura definidos (Clean Architecture, Microservicios, DDD, CQRS). Ejecutar pruebas de concepto para validar arquitecturas propuestas. Liderar la integración técnica entre desarrollo, QA, operaciones y partners. Asegurar la adopción de mejores prácticas de desarrollo y despliegue. Promov",QA
diseñador ux & iu - quito - presencial,Sofka Technologies,"Quito , Ecuador",,,"indefinido, jornada completa",,"indefinido, jornada completa | quito ,ecuador | 28 Agosto 2025 | diseño","✨ ¿Te apasiona diseñar experiencias digitales centradas en las personas, funcionales y visualmente memorables? En nuestro equipo creemos que el diseño no solo debe verse bien, sino funcionar con propósito y empatía. Si disfrutas combinar estrategia, investigación y creatividad para construir productos digitales útiles y usables, este reto es para ti. 💡 ¿Qué buscamos? Personas con 3+ años de experiencia profesional como diseñador UX y UI dentro de equipos de desarrollo de software o contextos tecnológicos similares. Que cuenten con experiencia demostrable en investigación de usuarios, diseño de interfaces, y el uso de artefactos como Customer Journey Maps y Service Blueprints para entender, definir y mejorar la experiencia de productos y servicios digitales. 🛠️ Responsabilidades principales -Diseñar flujos de usuario intuitivos, seguros y centrados en las necesidades del usuario. -Crear prototipos navegables y realizar pruebas de usabilidad para optimizar eficiencia y claridad. -Asegurar consistencia visual en todos los canales digitales. -Diseñar experiencias inclusivas para diferentes perfiles de usuario. -Colaborar estrechamente con equipos de desarrollo, QA, producto y negocio. -Liderar talleres y espacios de cocreación para definir artefactos como Customer Persona, User Persona, Mapas de Empatía, Customer Journey Maps y Service Blueprints. -Realizar investigaciones cualitativas y cuantitativas para identificar oportunidades de mejora en la experiencia. -Definir o mejorar arquitecturas de información para optimizar la estructura de sitios y aplicaciones. -Diseñar interfaces atractivas y funcionales aplicando principios sólidos de diseño visual. -Contribuir en la definición y evolución de experiencias de atención al cliente. -Mantener y mejorar sistemas de diseño que aseguren coherencia visual y eficiencia. 🎓 Experiencia",QA
desarrollador backend nestjs senior,Sofka Technologies,"Quito , Ecuador",,4+ años de experiencia,"indefinido, jornada completa",,"indefinido, jornada completa | 4+ años de experiencia | 15 Agosto 2025 | informática | quito ,ecuador","✨ ¿Te apasiona crear servicios escalables y resilientes que impacten directamente en el usuario? En nuestro equipo encontrarás el espacio para crecer, retarte y compartir tu conocimiento 🚀 ¡Bienvenido a un equipo con un propósito claro: ""TRANSFORMAR la vida de las personas siendo el aliado TECNO LÓGICO más confiable""! 🚀💡 ¡Prepárate y únete a esta aventura! 🎯 ¿Qué encontrarás? 🔧 Retos técnicos y personales que te mantendrán en constante crecimiento. 🤝 Un equipo conectado, enfocado en tu bienestar físico y mental . 🌱 Cultura de mejora continua , fresca y colaborativa, con oportunidades de aprendizaje y gente dispuesta a apoyarte. 🎓 KaizenHub , un programa diseñado para potenciar tus talentos, con feedback , mentorías y coaching a través de Sofka U . ¡Será un reto y un juego a la vez! 🧠🎮 🎉 Programas como Happy Kaizen y WeSofka que cuidan tu bienestar físico y emocional. ¿Qué buscamos? 💡 Un Desarrollador Backend Senior con más de 4 años de experiencia en NestJS , capaz de liderar técnicamente el desarrollo de soluciones escalables y de alto rendimiento. Será responsable de diseñar, implementar y optimizar servicios backend complejos, además de guiar al equipo en buenas prácticas y estándares de calidad, trabajando estrechamente con frontend, QA y producto para garantizar resultados excepcionales. Responsabilidades principales: Liderar el diseño y desarrollo de servicios backend escalables con NestJS + TypeScript. Definir e implementar arquitecturas limpias aplicando Clean Architecture, DDD y CQRS. Gestionar la orquestación de contenedores con Kubernetes y la infraestructura en AWS. Diseñar e integrar comunicación asíncrona con RabbitMQ o Kafka. Realizar revisiones de código, establecer estánda",QA
ingeniero de software qa,APS Consulting Group,"Guayaquil, Guayas",,3+ años de experiencia,"indefinido, jornada completa",,"3+ años de experiencia | indefinido, jornada completa | guayaquil,guayas | informática,ingeniería","Buscamos profesionales de control de calidad para evaluar la calidad del software mediante pruebas manuales y automatizadas. Será responsable de encontrar y reportar errores y fallas. En este puesto, debe tener buen criterio para los detalles, excelentes habilidades de comunicación, y competente en la ejecución de casos de prueba. En última instancia, se asegurará de que nuestros productos, aplicaciones y sistemas funcionen correctamente. Responsabilidades: - Asegurar la calidad del producto. - Ejecutar casos de prueba (manuales o automatizados) y analice los resultados - Desarrollar estrategias y planes de prueba software efectivos - Realizar pruebas posteriores al lanzamiento / posterior a la implementación - Pruebas funcionales y no funcionales. - Revisar y analizar las especificaciones del sistema Requisitos - Familiaridad con los marcos ágiles y las pruebas de regresión - Fuertes habilidades organizativas - Mente analítica y aptitud para resolver problemas. - Experiencia comprobada como gestor de garantía de calidad o función similar - Ayude al equipo de desarrollo a monitorear las áreas problemáticas, los riesgos subestimados, el alcance y los cuellos de botella de capacidad. - Creación y mantenimiento de bancos de pruebas según especificaciones de producto. - Participar en la configuración de pruebas unitarias, pruebas de integración, pruebas automatizadas, etc. - Participar en la gestión de requisitos, gestión de cambios y gestión de riesgos. Requisitos: Ingeniero de Sistema o carreras afines 3 años o mas de experiencia en control de calidad. Experiencia en herramientas Selenium y/o Appium Experiencia con bases de datos estructuradas como no estructurada. Un buen conocimiento de los conceptos, estándares y prácticas de calidad y seguridad. Experiencia en redacción de documentación de prueba. Experiencia en redacción de documentación corporativa (manuales, soporte, etc.). Buenas dotes de comunicación",QA
senior software qa - líder de equipo,PaymentEvolution,"Quito, Pichincha [inc.Quito]",1000 USD mes,3+ años de experiencia,"indefinido, jornada completa",,"1000 USD mes | informática | quito,pichincha [inc.quito] | indefinido, jornada completa | 3+ años de experiencia","La oportunidad - Líder de equipo de control de calidadComo líder de equipo de control de calidad en PaymentEvolution, usted desempeñará un papel fundamental a la hora de garantizar la calidad y fiabilidad de nuestras vanguardistas soluciones de nóminas en línea, beneficios y recursos humanos. Este puesto de liderazgo implica supervisar un equipo de ingenieros de control de calidad, dirigir la estrategia de pruebas y colaborar con equipos multifuncionales para ofrecer experiencias de software excepcionales.Requisitos: Estudios universitarios en un campo relevante. Más de 5 años de experiencia práctica en pruebas de software, con especial atención a las aplicaciones web y móviles (esté preparado para mostrar su trabajo). Experiencia demostrada en la dirección y gestión de equipos de control de calidad. Experiencia en herramientas y scripts de pruebas manuales y automatizadas (Selenium, TestCafe, etc.). Sólidos conocimientos de metodologías ágiles. Sólidos conocimientos de programación/depuración de scripts de pruebas utilizando cualquier lenguaje de programación como Java, Python, Javascript, etc. Capacidad para realizar pruebas funcionales y de regresión. Experiencia con pruebas de API para funcionalidad, rendimiento y fiabilidad. Familiaridad con herramientas de gestión de pruebas, con preferencia por JIRA. Excelentes habilidades de comunicación verbal y escrita en ingles.",QA
"qa/qc manager 12yr + - fort mcmurray, alberta, canada","IMCV Costa Rica, S.A.","Canada, Extranjero",0 USD año,0 USD año,"temporal, jornada completa",,"temporal, jornada completa | 10+ años de experiencia | petróleo,gas,energía | 0 USD año | canada,extranjero","As Headhunting Consultant we are supporting a Client - Engineering and Construction Company with international recognition - who is searching for a position at this time in Fort McMurray, Alberta, Canada. We want to share this information in order to be considering by you or any of your colleagues or friends who might be interested for a job opportunity within the oil & gas industry. Please feel free to share this information. The position is: QA/QC Manager 12yr + – Engineer with experience in Quality QA QC in projects of Oil and Gas, Oil Refinery, Mining and Construction EPC. Requirements: prior management experience or at least levels of coordination and even consulting. Substantial experience in construction projects or EPC. Implementation of quality systems. Non-destructive testing. Experience internationally on oil projects is desirable. Techniques combined with previous work and / or Initec desirable. Excellent leadership. Excellent interpersonal skills, teamwork, self motivation, confidence and enthusiasm. English language fluency. Bilingual Spanish-English is a plus. Duration: 2 years and 6 months or more. Assignments include: Excellent Compensation & Benefits package. If your experience is according to the clients requirement and it is your decision to participate, please send us your update resume",QA
senior qa manual tester,Webcreek,"Mexico City , Teletrabajo",,5+ años de experiencia,"indefinido, jornada completa","mexico city ,teletrabajo","5+ años de experiencia | indefinido, jornada completa | mexico city ,teletrabajo | informática","Do you have vast experience in testing? Would you like to join one of the top IT companies in the world? WebCreek is hiring a Senior QA Manual Tester. This job is a remote position for professionals from LATAM willing to work in a CST time zone. What You’ll Do Provide application test planning, test authoring, manual execution, defect tracking, and test documentation. Build application software test plans. Manage test plan execution and defect tracking. Perform tests. Provide application support. Participate in the agile development lifecycle. Assist in application documentation and support activities. Participate in many aspects of the software development life-cycle, including product improvement initiatives. What You Have Required Skills 5+ years of experience as a QA tester. 5+ years of experience in Manual testing. Highly skilled at performing manual test cases, software test strategy, test plan creation, maintenance, and execution. Experience with web application testing, mobile, desktop, and experience with cross-browser compatibility testing and tools. Knowledge of Quality Assurance best practices. Comprehensive knowledge of quality control/testing within the Software Development Life Cycle. Excellent written and verbal communication skills. Detail-oriented. Nice-to-have skills Experience in writing test automation using Selenium or Ranorex is a plus. Experience working with JMeter or closely related technologies. Knowledge of XPATH. Ability to write scripts and programs to facilitate automation and testing of the software. Experience working with Azure DevOps. Skills / Competencies Ability to self-manage, prioritize work, work independently and use self-initiative to build test plans, perform testing activities, track defects, and document suggestions. Ability to convert abstract Quality Assurance data to written format. Ability to communicate clearly and professionally to actively participate in discussions and communications on software releases, test plans, and detected software defects. Working with technicians, engineers, managers, and clients is an excellent personal interaction skill. Strong technical background with an emphasis on the Software Development Lifecycle. What You’ll Gain Full-time position in a rapidly growing company. Competitive salary with regular revisions. A variety of fantastic programs and benefits. In-house IT and English training and certifications. Flexible work environment. International team with opportunities to work abroad. Who We Are WebCreek is a provider of world-class software development teams and technical staff augmentation. We serve many Fortune 500 companies and other leading organizations. We operate in ten countries and have over 25 years of experience delivering top-notch digital solutions to the companies that power our world. WebCreek is committed to creating a diverse environment and is proud to be an equal-opportunity employer. All qualified applicants will receive consideration for employment without regard to race, color, religion, gender, gender identity or expression, sexual orientation, nationality, genetic information, pregnancy, disability, age, veteran status, or other characteristics.",QA
"supervisores qa qc mecánicos, civiles y eléctricos",Vakovic S.A.,"Quito, Pichincha [inc.Quito]",,3+ años de experiencia,"indefinido, jornada completa",,"quito,pichincha [inc.quito] | construcción,electrónica,petróleo | 3+ años de experiencia | indefinido, jornada completa","Para trabajo en el Oriente se requiere el siguiente personal. Supervisores QA QC Mecánicos, Civiles y Eléctricos con experiencia en Construcción de Oleoductos.",QA
analista de aseguramiento de la calidad qa (tester),Bupartech,"Quito, Pichincha [inc.Quito]",1 USD mes,3+ años de experiencia,"temporal, jornada completa",,"temporal, jornada completa | 3+ años de experiencia | ingeniería | 1 USD mes | quito,pichincha [inc.quito]","Responsabilidades: Diseñar, planificar y ejecutar casos de prueba manuales y automatizados. Colaborar con el equipo de desarrollo para comprender los requisitos y especificaciones del software. Identificar y documentar defectos, seguimiento de su resolución y verificación de correcciones. Desarrollar y mantener scripts de prueba automatizados utilizando herramientas pertinentes. Realizar pruebas de rendimiento, seguridad y usabilidad según sea necesario. Colaborar en la mejora continua de procesos y estándares de calidad. Título académico: Ing. Sistemas o Telecomunicaciones o Informático o Computación o Ciencias de la Informática o ramas relacionadas a las TICs. Registrado en el Senecyt. Tiempo Mínimo de Experiencia: 2 años Número de proyectos: al menos 1 Experiencia Mínima: Deberá acreditar experiencia obligatoria acumulada en: Pruebas de software funcionales y no funcionales (carga y estrés). Elaboración de planes y casos (guiones) de prueba. Pruebas de servicios web. Uso de herramientas para la administración de base de datos: Oracle, PL/SQL. Despliegue de aplicativos en JEE. Experiencia deseable acumulada en: Pruebas de software funcionales y no funcionales (carga y estrés) en instituciones financieras. Software de control de versiones SVN. Uso de herramientas para la automatización de pruebas. Certificación vigente como Tester para la realización de pruebas de software emitida por el ISTQB: Certified Tester Foundation Level, para lo cual se deberá presentar una copia simple de la certificación obtenida. Para la experiencia obligatoria y deseable, se deberá presentar copia de un certificado laboral, contrato o acta entrega recepción parcial/definitiva de al menos un proyecto en el que haya participado como Analista de Aseguramiento de la Calidad QA, o su equivalente.",QA
qa automatizador,Double V Partners,"Guayaquil, Pichincha [inc.Quito]",1200 USD no especificado,3+ años de experiencia,"indefinido, jornada completa",,"guayaquil,pichincha [inc.quito] | 1200 USD no especificado | banca-finanzas,ingeniería,telecomunicaciones | 3+ años de experiencia | indefinido, jornada completa","Profesional de Ingeniería con mínimo 3 años de experiencia en diseño y desarrollo de scripts de automatización para pruebas funcionales, de regresión y de integración. Colaborar estrechamente con desarrolladores de DevOps para integrar las pruebas automatizadas en los pipelines de integración continua. Experiencia requerida con Jenkins",QA
senior full-stack developer (nodejs/reactjs),Webcreek,"Ecuador, Teletrabajo",,3+ años de experiencia,"indefinido, jornada completa","ecuador,teletrabajo","indefinido, jornada completa | 3+ años de experiencia | informática | ecuador,teletrabajo","Do you want to join one of the world's leading IT development firms? Then, your opportunity has arrived! WebCreek is now hiring a Senior Full-Stack Developer with proficiency in Node JS, TypeScript, and React JS. This role is a 100% remote position in Latam. What You'll Do Grab and understand the code very quickly. Figure out defects on their own, analyze and fix them. Produce clean and efficient code based on system specifications and requirements. Develop reusable responsive React and Node components. Develop software applications that meet and exceed clients' expectations. Interact with Software Developers, QA Analysts, Business Analysts, and Project Leads to accomplish project tasks. Adhere to coding standards. Troubleshoot coding problems quickly and efficiently to ensure a productive workplace. Execute against project plans and delivery commitments. Participate in daily stand-ups and other meetings as needed. What You Have Required Skills: 5+ years of experience as a Software Developer 5+ years of experience working with Node JS 3+ years of experience working with React Strong proficiency in TypeScript Proficiency in working with PostgreSQL Experience working with AWS Experience in Express Middleware Familiar with Unit Creating and Unit Tests for the backend Experience working in an Agile environment High English Proficiency (B2 - C2) Nice to have Skills: Experience working with ElasticSearch DBs is a plus Knowledge of Kubernetes is desired What You'll Gain Full-time, remote position in a quickly growing company. Competitive salary with regular revisions. Many excellent programs and benefits. In-house IT and English training and certifications. Flexible work environment. International team with opportunities to work abroad.",QA
