titulo,empresa,ubicacion,salario,modalidad,jornada,Area,habilidades_hard,habilidades_soft
Analista de Procesos QA,Omarsa,Guayas,,,tiempo completo,QA,"c#, jira, dynamics 365, scrum, devops, erp, business intelligence, pruebas manuales, pruebas automatizadas, casos de prueba, control de calidad","trabajo en equipo, comunicación, resolución de problemas, planificación, responsabilidad"
QA Automation Senior | Híbrido en Quito,Sofka Technologies,"Quito, Pichincha",,,tiempo completo,QA,"sql, azure, git, jira, confluence, appium, jmeter, excel, scrum, devops, ci/cd, machine learning, business intelligence, pruebas manuales, pruebas automatizadas, casos de prueba, control de calidad, test automation","trabajo en equipo, liderazgo, resolución de problemas, orientación a resultados, aprendizaje continuo, atención al detalle, gestión del tiempo, mentoría"
Docentes Especialistas en QA LATAM (Medio tiempo),TripleTen,"Quito, Pichincha",700,,tiempo parcial,QA,"python, sql, aws, selenium, postman, soapui, restful apis, discord, business intelligence, data analysis, ux/ui, pruebas manuales, pruebas automatizadas, casos de prueba, control de calidad","trabajo en equipo, comunicación, resolución de problemas, adaptabilidad, aprendizaje continuo, atención al detalle, gestión del tiempo, inglés avanzado"
QA Automation Engineer - Sector Financiero/Bancario,Devsu,"Guayaquil, Guayas",,,tiempo completo,QA,"c++, sql, git, cypress, appium, scrum, ci/cd, business intelligence, pruebas manuales, pruebas automatizadas, testing, casos de prueba, control de calidad, test automation","trabajo en equipo, adaptabilidad, aprendizaje continuo, atención al detalle, gestión del tiempo, mentoría"
QA Automation Engineer - Sector Financiero/Bancario,Devsu,"Ambato, Tungurahua",,,tiempo completo,QA,"c++, sql, git, cypress, appium, scrum, ci/cd, business intelligence, pruebas manuales, pruebas automatizadas, testing, casos de prueba, control de calidad, test automation","trabajo en equipo, adaptabilidad, aprendizaje continuo, atención al detalle, gestión del tiempo, mentoría"
QA Automation Engineer - Sector Financiero/Bancario,Devsu,"Cuenca, Azuay",,,tiempo completo,QA,"c++, sql, git, cypress, appium, scrum, ci/cd, business intelligence, pruebas manuales, pruebas automatizadas, testing, casos de prueba, control de calidad, test automation","trabajo en equipo, adaptabilidad, aprendizaje continuo, atención al detalle, gestión del tiempo, mentoría"
Ingeniero de Procesos QA,Chemmaster,"Duran, Guayas",,,tiempo completo,QA,"c#, jira, dynamics 365, scrum, devops, erp, business intelligence, pruebas manuales, pruebas automatizadas, casos de prueba, control de calidad","trabajo en equipo, comunicación, resolución de problemas, planificación, responsabilidad"
Analista Funcional Tecnología QA,doublevpartners,"Guayaquil, Guayas",,,tiempo completo,QA,"sql, jira, confluence, excel, power bi, scrum, business intelligence, pruebas manuales, pruebas automatizadas, testing, casos de prueba, control de calidad, test automation","trabajo en equipo, resolución de problemas, planificación"
"QA Semisenior | Híbrido en Uruguay, Colombia y Ecuador",Sofka Technologies,"Quito, Pichincha",,,tiempo completo,QA,"java, python, sql, cypress, scrum, ci/cd, machine learning, business intelligence, pruebas manuales, pruebas automatizadas, testing, casos de prueba, control de calidad, test automation","trabajo en equipo, resolución de problemas, orientación a resultados, aprendizaje continuo, atención al detalle, gestión del tiempo, pensamiento crítico, mentoría"
QA Automatizador | ECU,Sofka Technologies,"Quito, Pichincha",,,tiempo completo,QA,"java, javascript, python, sql, azure, git, jira, cypress, appium, jmeter, excel, restful apis, scrum, ci/cd, machine learning, business intelligence, pruebas manuales, pruebas automatizadas, testing, casos de prueba, control de calidad, test automation","trabajo en equipo, liderazgo, orientación a resultados, aprendizaje continuo, atención al detalle, gestión del tiempo, responsabilidad"
QA Engineer | ECU,Sofka Technologies,"Quito, Pichincha",,,tiempo completo,QA,"sql, azure, git, jira, confluence, appium, jmeter, scrum, devops, ci/cd, machine learning, business intelligence, pruebas manuales, pruebas automatizadas, casos de prueba, control de calidad","trabajo en equipo, comunicación, orientación a resultados, aprendizaje continuo, atención al detalle, gestión del tiempo, negociación"
QA Automation Engineer [ALL LATAM],Tekton Labs,Ecuador,1800,,tiempo completo,QA,"aws, jenkins, git, jira, selenium, cypress, appium, postman, soapui, restful apis, business intelligence, pruebas manuales, pruebas automatizadas, testing, casos de prueba, control de calidad, test automation","trabajo en equipo, aprendizaje continuo, atención al detalle, inglés avanzado"
QA Automatizador Senior - Remoto Global (Cédula Ecuatoriana),Sofka Technologies,"Quito, Pichincha",,,tiempo completo,QA,"java, javascript, python, sql, aws, azure, git, jira, cypress, appium, jmeter, excel, restful apis, scrum, ci/cd, machine learning, business intelligence, pruebas manuales, pruebas automatizadas, testing, casos de prueba, control de calidad, test automation","trabajo en equipo, liderazgo, orientación a resultados, aprendizaje continuo, atención al detalle, gestión del tiempo, mentoría, responsabilidad"
QA Automatizador Semi Senior - Con cédula Ecuatoriana,Sofka Technologies,"Quito, Pichincha",,,tiempo completo,QA,"java, javascript, python, sql, aws, azure, git, jira, cypress, appium, jmeter, excel, restful apis, scrum, ci/cd, machine learning, business intelligence, pruebas manuales, pruebas automatizadas, testing, casos de prueba, control de calidad, test automation","trabajo en equipo, orientación a resultados, aprendizaje continuo, atención al detalle, proactividad, mentoría, responsabilidad"
TECNICO QA/QC CIVIL,Sedemi,"Quito, Pichincha",,,tiempo completo,QA,"c++, business intelligence, casos de prueba, control de calidad","atención al detalle, comunicación, responsabilidad"
TECNICO QA/QC CIVIL,Sedemi,"Quito, Pichincha",,,tiempo completo,QA,"casos de prueba, control de calidad","atención al detalle, comunicación, responsabilidad"
Qa Automation Senior,Sofka Technologies,"Quito, Pichincha",,,tiempo completo,QA,"sql, azure, git, jira, confluence, appium, jmeter, excel, scrum, devops, ci/cd, machine learning, business intelligence, pruebas manuales, pruebas automatizadas, casos de prueba, control de calidad, test automation","trabajo en equipo, liderazgo, resolución de problemas, orientación a resultados, aprendizaje continuo, atención al detalle, gestión del tiempo, mentoría"
Software Qa Tester,Sofka Technologies,"Quito, Pichincha",,,tiempo completo,QA,"sql, kubernetes, docker, scrum, devops, erp, machine learning, business intelligence, pruebas manuales, pruebas automatizadas, casos de prueba, control de calidad","trabajo en equipo, orientación a resultados, aprendizaje continuo, atención al detalle, proactividad, gestión del tiempo, responsabilidad"
Analista Qa,Sipecom S.A.,"Guayaquil, Guayas",,,tiempo completo,QA,"sql, jmeter, erp, crm, business intelligence, pruebas manuales, pruebas automatizadas, casos de prueba, control de calidad","trabajo en equipo, resolución de problemas, atención al detalle, creatividad, responsabilidad"
Qa Automation New,Neoris,"Quito, Pichincha",,,tiempo completo,QA,"sql, azure, git, jira, confluence, appium, jmeter, ci/cd, machine learning, business intelligence, pruebas manuales, pruebas automatizadas, casos de prueba, control de calidad, test automation","trabajo en equipo, aprendizaje continuo, atención al detalle, gestión del tiempo, creatividad, responsabilidad"
Qa Automation Engineer,Devsu,"Guayaquil, Guayas",,,tiempo completo,QA,"c++, sql, git, cypress, appium, scrum, ci/cd, business intelligence, pruebas manuales, pruebas automatizadas, testing, casos de prueba, control de calidad, test automation","trabajo en equipo, adaptabilidad, aprendizaje continuo, atención al detalle, gestión del tiempo, mentoría"
Pasante De Qa,American Call Center,"Guayaquil, Guayas",,,tiempo completo,QA,"business intelligence, pruebas manuales, pruebas automatizadas, casos de prueba, control de calidad","trabajo en equipo, atención al detalle, responsabilidad"
Especialista Qa,BGR,"Quito, Pichincha",,,tiempo completo,QA,"java, c#, react, azure, docker, jira, selenium, cypress, postman, microservicios, restful apis, scrum, power platform, machine learning, pruebas manuales, pruebas automatizadas, testing, casos de prueba, control de calidad, test automation","trabajo en equipo, atención al detalle, comunicación, responsabilidad"
A Middle Qa,Evaluar,"Quito, Pichincha",,,tiempo completo,QA,"excel, scrum, business intelligence, pruebas manuales, pruebas automatizadas, casos de prueba, control de calidad","trabajo en equipo, comunicación, resolución de problemas, adaptabilidad, aprendizaje continuo, atención al detalle, pensamiento crítico, responsabilidad"
Coordinador Qa Qc,Sedemi,"Quito, Pichincha",,,tiempo completo,QA,"c++, aws, excel, restful apis, business intelligence, casos de prueba, control de calidad","trabajo en equipo, comunicación, adaptabilidad, atención al detalle, responsabilidad"
Qa Automation,Neoris,"Quito, Pichincha",,,tiempo completo,QA,"sql, azure, git, jira, confluence, appium, jmeter, ci/cd, business intelligence, pruebas manuales, pruebas automatizadas, casos de prueba, control de calidad, test automation","trabajo en equipo, aprendizaje continuo, atención al detalle, gestión del tiempo, creatividad, responsabilidad"
Qa Project Expert,Grunenthal Group,"Quito, Pichincha",,,tiempo completo,QA,"excel, business intelligence, casos de prueba, control de calidad","trabajo en equipo, comunicación, resolución de problemas, aprendizaje continuo, atención al detalle, gestión del tiempo, pensamiento crítico, inglés avanzado"
Qa Prueba De Genero 2,Evaluar,"Quito, Pichincha",,,tiempo completo,QA,"c++, excel, business intelligence, casos de prueba, control de calidad","comunicación, atención al detalle, responsabilidad"
QA Tutor,TripleTen,"Quito, Pichincha",500,,tiempo completo,QA,"python, c++, git, selenium, restful apis, machine learning, business intelligence, testing, casos de prueba, control de calidad, test automation","trabajo en equipo, comunicación, aprendizaje continuo, inglés avanzado"
Senior Manual Qa 3-6 Months,Sofka Technologies,"Quito, Pichincha",,,tiempo completo,QA,"c++, sql, kotlin, azure, scrum, ci/cd, teams, machine learning, business intelligence, testing, casos de prueba, control de calidad, test automation","trabajo en equipo, adaptabilidad, orientación a resultados, atención al detalle, inglés avanzado, planificación"
Desarrollador SSR NestJS Remoto Latam,Sofka Technologies,"Quito, Pichincha",,,tiempo completo,QA,"javascript, aws, kubernetes, microservicios, restful apis, ci/cd, machine learning, business intelligence, desarrollo web, programación, desarrollo de software","trabajo en equipo, comunicación, liderazgo, aprendizaje continuo, atención al detalle, gestión del tiempo, mentoría, responsabilidad"
Product Owner - Quito,Tipti,"Quito, Pichincha",,,tiempo completo,QA,"scrum, business intelligence","trabajo en equipo, comunicación, liderazgo, resolución de problemas, orientación a resultados, aprendizaje continuo, atención al detalle, planificación, responsabilidad"
Director de Producción,CORPORACION ANFIBIUS,"Santo Domingo de los Colorados, Santo Domingo de los Tsáchilas",,,tiempo completo,QA,"scrum, erp, business intelligence","trabajo en equipo, comunicación, liderazgo, resolución de problemas, orientación a resultados, aprendizaje continuo, atención al detalle, proactividad, pensamiento crítico, planificación"
Data Analytics Teaching Experts LATAM,TripleTen,"Quito, Pichincha",700,,tiempo parcial,QA,"python, sql, git, excel, miro, notion, discord, zoom, business intelligence","trabajo en equipo, comunicación, resolución de problemas, adaptabilidad, aprendizaje continuo, atención al detalle, gestión del tiempo, inglés avanzado, mentoría"
Web Development Teaching Experts LATAM,TripleTen,"Quito, Pichincha",700,,tiempo parcial,QA,"java, javascript, html/css, react, git, miro, notion, discord, zoom, machine learning, business intelligence, data analysis, ux/ui","trabajo en equipo, comunicación, resolución de problemas, adaptabilidad, aprendizaje continuo, atención al detalle, gestión del tiempo, inglés avanzado, mentoría"
Part-time Data Science Teacher LATAM,TripleTen,"Quito, Pichincha",,,tiempo completo,QA,"excel, discord, business intelligence","trabajo en equipo, comunicación, liderazgo, adaptabilidad, orientación a resultados, atención al detalle, proactividad, inglés avanzado, mentoría, responsabilidad"
Tutor de Análisis de Datos LATAM,TripleTen,"Quito, Pichincha",700,,tiempo parcial,QA,"python, sql, git, excel, miro, notion, zoom, business intelligence","trabajo en equipo, comunicación, liderazgo, resolución de problemas, adaptabilidad, aprendizaje continuo, atención al detalle, gestión del tiempo, inglés avanzado, mentoría"
Part-Time Data Analytics Instructor LATAM,TripleTen,"Quito, Pichincha",,,tiempo parcial,QA,"python, git, miro, notion, discord, zoom, business intelligence, data analysis","trabajo en equipo, comunicación, resolución de problemas, aprendizaje continuo, atención al detalle, inglés avanzado, mentoría"
Part-Time Data Science Tutor LATAM,TripleTen,"Quito, Pichincha",200,,tiempo parcial,QA,"python, sql, git, excel, miro, notion, zoom, business intelligence","trabajo en equipo, comunicación, liderazgo, adaptabilidad, orientación a resultados, aprendizaje continuo, gestión del tiempo, inglés avanzado, mentoría"
Data Science Teaching Experts LATAM,TripleTen,"Quito, Pichincha",700,,tiempo parcial,QA,"python, aws, git, miro, notion, discord, zoom, machine learning, business intelligence, data analysis, ux/ui","trabajo en equipo, comunicación, resolución de problemas, adaptabilidad, aprendizaje continuo, atención al detalle, gestión del tiempo, inglés avanzado, mentoría"
UX/UI Semi Senior- Quito- Ecuador,Sofka Technologies,"Quito, Pichincha",,,tiempo completo,QA,"git, scrum, figma, adobe xd, miro, machine learning, business intelligence, ux/ui","trabajo en equipo, liderazgo, aprendizaje continuo, gestión del tiempo, mentoría, responsabilidad"
"Arquitecto de Soluciones Senior Hibrido en Quito, Ecuador",Sofka Technologies,"Quito, Pichincha",,,tiempo completo,QA,"javascript, sql, react, react native, aws, kubernetes, docker, jira, confluence, cypress, appium, microservicios, restful apis, ci/cd, machine learning, business intelligence","trabajo en equipo, comunicación, liderazgo, aprendizaje continuo, gestión del tiempo, mentoría, responsabilidad"
ESPECIALISTA UX/UI GUAYAQUIL,Xtrim,"Guayaquil, Guayas",,,tiempo completo,QA,"git, jira, confluence, scrum, figma, adobe xd, sketch, miro, notion, business intelligence, ux/ui","trabajo en equipo, comunicación, liderazgo, atención al detalle"
Desarrollador Backend NestJS Semisenior,Sofka Technologies,"Quito, Pichincha",,,tiempo completo,QA,"javascript, aws, azure, kubernetes, microservicios, restful apis, ci/cd, machine learning, business intelligence, desarrollo web, programación, desarrollo de software","trabajo en equipo, comunicación, aprendizaje continuo, atención al detalle, gestión del tiempo, mentoría, responsabilidad"
Desarrollador Backend NestJS Senior,Sofka Technologies,"Quito, Pichincha",,,tiempo completo,QA,"javascript, aws, azure, kubernetes, docker, microservicios, restful apis, ci/cd, machine learning, business intelligence, desarrollo web, desarrollo móvil, programación, desarrollo de software","trabajo en equipo, comunicación, liderazgo, resolución de problemas, orientación a resultados, aprendizaje continuo, atención al detalle, creatividad, mentoría, responsabilidad"
Desarrollador Semi Senior,NOMINA360,"Cuenca, Azuay",7,,tiempo completo,QA,"azure, git, scrum, devops, business intelligence, desarrollo web, desarrollo móvil, desarrollo de software","trabajo en equipo, comunicación, liderazgo, resolución de problemas, adaptabilidad, aprendizaje continuo, atención al detalle, creatividad, responsabilidad"
"Desarrollador Nest Ssr Presencial Quito, Ecuador",Sofka Technologies,"Quito, Pichincha",,,tiempo completo,QA,"javascript, aws, kubernetes, microservicios, restful apis, ci/cd, machine learning, business intelligence, desarrollo web, programación, desarrollo de software","trabajo en equipo, comunicación, liderazgo, aprendizaje continuo, atención al detalle, gestión del tiempo, mentoría, responsabilidad"
"Ux/Ui Ssr En Quito, Ecuador",Sofka Technologies,"Quito, Pichincha",,,tiempo completo,QA,"git, figma, miro, machine learning, business intelligence, ux/ui","trabajo en equipo, aprendizaje continuo, gestión del tiempo, mentoría"
Director De Producción,Anfibius,Santo Domingo de los Tsáchilas,,,tiempo completo,QA,"scrum, erp, business intelligence","trabajo en equipo, comunicación, liderazgo, resolución de problemas, orientación a resultados, aprendizaje continuo, atención al detalle, proactividad, pensamiento crítico, planificación"
Director de Producción,Anfibius,Ecuador,,,tiempo completo,QA,"scrum, erp, business intelligence","trabajo en equipo, comunicación, liderazgo, resolución de problemas, orientación a resultados, aprendizaje continuo, atención al detalle, proactividad, pensamiento crítico, planificación"
Tech Lead,Kushki Pagos,"Quito, Pichincha",,,tiempo completo,QA,"java, javascript, python, c++, react, kotlin, swift, aws, excel, restful apis, scrum, business intelligence","trabajo en equipo, comunicación, liderazgo, resolución de problemas, adaptabilidad, orientación a resultados, aprendizaje continuo, atención al detalle, gestión del tiempo, creatividad, pensamiento crítico, planificación, responsabilidad"
Desarrollador Semi Senior,Nomina360. Software De Talento Humano,"Cuenca, Azuay",700,,tiempo completo,QA,"azure, git, scrum, devops, business intelligence, desarrollo web, desarrollo móvil, desarrollo de software","trabajo en equipo, comunicación, liderazgo, resolución de problemas, adaptabilidad, aprendizaje continuo, atención al detalle, creatividad, responsabilidad"
Hr Analyst,Banco Guayaquil,"Guayaquil, Guayas",,,tiempo completo,QA,"git, scrum, devops, erp, business intelligence","trabajo en equipo, comunicación, liderazgo, resolución de problemas, orientación a resultados, atención al detalle, proactividad, gestión del tiempo, responsabilidad"
Analista De Aseguramiento De La Calidad De Software,Viamatica,"Guayaquil, Guayas",,,tiempo completo,QA,"sql, jmeter, erp, crm, business intelligence, pruebas manuales, pruebas automatizadas, casos de prueba, control de calidad","trabajo en equipo, resolución de problemas, atención al detalle, creatividad, responsabilidad"
Desarrollador Backend Nestjs Semisenior,Sofka Technologies,"Quito, Pichincha",,,tiempo completo,QA,"javascript, aws, azure, kubernetes, microservicios, restful apis, ci/cd, machine learning, business intelligence, desarrollo web, programación, desarrollo de software","trabajo en equipo, comunicación, aprendizaje continuo, atención al detalle, gestión del tiempo, mentoría, responsabilidad"
Arquitecto De Soluciones Remoto Latam,Sofka Technologies,"Quito, Pichincha",,,tiempo completo,QA,"javascript, sql, react, react native, aws, kubernetes, docker, jira, confluence, cypress, appium, microservicios, restful apis, ci/cd, erp, machine learning, business intelligence","trabajo en equipo, comunicación, liderazgo, aprendizaje continuo, gestión del tiempo, mentoría, responsabilidad"
Administrador De Base De Datos,Ecua American,"Quito, Pichincha",,,tiempo completo,QA,"python, c++, sql, git, excel, restful apis, business intelligence","trabajo en equipo, liderazgo, orientación a resultados, atención al detalle, inglés avanzado"
Analista De Aseguramiento De La Calidad De Software,SoftwareOne,"Quito, Pichincha",700,,tiempo completo,QA,"sql, git, jira, selenium, cypress, restful apis, scrum, ci/cd, business intelligence, pruebas manuales, pruebas automatizadas, casos de prueba, control de calidad, test automation","trabajo en equipo, comunicación, resolución de problemas, aprendizaje continuo, atención al detalle, proactividad, responsabilidad"
Especialista En Soporte De Aplicaciones,Devsu,"Quito, Pichincha",,,tiempo completo,QA,"javascript, c#, sql, react, flutter, react native, azure, power bi, devops, ci/cd, power platform, business intelligence","trabajo en equipo, resolución de problemas, adaptabilidad, atención al detalle, gestión del tiempo, responsabilidad"
Desarrollador Back End Java,Neoris,"Quito, Pichincha",,,tiempo completo,QA,"java, sql, git, jira, confluence, microservicios, scrum, ci/cd, teams, business intelligence, desarrollo web, desarrollo móvil, programación, desarrollo de software","trabajo en equipo, adaptabilidad, aprendizaje continuo, atención al detalle, gestión del tiempo, creatividad, responsabilidad"
Desarrollador Back End Java,Neoris,"Quito, Pichincha",,,tiempo completo,QA,"java, sql, git, jira, confluence, microservicios, scrum, ci/cd, teams, business intelligence, desarrollo web, desarrollo móvil, programación, desarrollo de software","trabajo en equipo, adaptabilidad, aprendizaje continuo, atención al detalle, gestión del tiempo, creatividad, responsabilidad"
Desarrollador Backend Nestjs Semisenior,Sofka Technologies,"Quito, Pichincha",,,tiempo completo,QA,"javascript, aws, azure, kubernetes, microservicios, restful apis, ci/cd, machine learning, business intelligence, desarrollo web, programación, desarrollo de software","trabajo en equipo, comunicación, aprendizaje continuo, atención al detalle, gestión del tiempo, mentoría, responsabilidad"
Sr. Campaign Developer,Instituto Superior Tecnológico Quito Metropolitano,Ecuador,,,tiempo completo,QA,"c++, sql, git, erp, teams, machine learning, business intelligence, desarrollo de software","trabajo en equipo, comunicación, creatividad, inglés avanzado, multitarea"
BIA / Data Analytics Tutor,TripleTen,"Quito, Pichincha",500,,tiempo completo,QA,"python, c++, sql, excel, power bi, restful apis, machine learning, business intelligence, data analysis","trabajo en equipo, comunicación, aprendizaje continuo, inglés avanzado"
Head of Customer Support LATAM,TripleTen,"Quito, Pichincha",,,tiempo completo,QA,"git, excel, crm, notion, teams, zoom, machine learning, business intelligence","trabajo en equipo, comunicación, liderazgo, orientación a resultados, proactividad, inglés avanzado, mentoría, negociación"
Cybersecurity Instructor,TripleTen,"Quito, Pichincha",300,,tiempo completo,QA,"c++, sql, restful apis, machine learning, business intelligence","trabajo en equipo, comunicación, orientación a resultados, aprendizaje continuo, inglés avanzado"
Project Manager / Business Analyst,ioet,Ecuador,,,tiempo completo,QA,"c++, git, jira, excel, teams, machine learning, business intelligence","trabajo en equipo, comunicación, adaptabilidad, atención al detalle, proactividad, inglés avanzado, gestión de proyectos"
C# Senior Software Engineer,Sovos,"Quito, Pichincha",,,tiempo completo,QA,"java, javascript, c#, c++, html/css, sql, react, azure, git, restful apis, scrum, devops, ci/cd, teams, machine learning, business intelligence, ux/ui","trabajo en equipo, liderazgo, aprendizaje continuo, mentoría"
"Engineering Project Management Coordinator (Full-Time, Remote, for US Company)",Uptalent.io,Ecuador,,,tiempo completo,QA,"c++, excel, restful apis, sharepoint, teams, machine learning, business intelligence","trabajo en equipo, adaptabilidad, inglés avanzado, gestión de proyectos"
Part-time Data Science Code Reviewer LATAM,TripleTen,"Quito, Pichincha",1500,,tiempo parcial,QA,"python, git, miro, notion, zoom, machine learning, business intelligence","trabajo en equipo, comunicación, adaptabilidad, aprendizaje continuo, inglés avanzado, mentoría"
Senior Sales Team Leader LATAM,TripleTen,"Quito, Pichincha",1700,,tiempo completo,QA,"c++, crm, teams, machine learning, business intelligence, data analysis","trabajo en equipo, comunicación, orientación a resultados, inglés avanzado, mentoría"
Technical Lead,Kyndryl,"Quito, Pichincha",,,tiempo completo,QA,"java, c++, sql, aws, azure, excel, restful apis, devops, teams, machine learning, business intelligence","trabajo en equipo, comunicación, aprendizaje continuo"
Process Mapping Consulant,Pst.Ag,"Quito, Pichincha",,,tiempo parcial,QA,"c++, confluence, machine learning, business intelligence","trabajo en equipo, comunicación, liderazgo, inglés avanzado"
Technical Lead,Kyndryl,"Quito, Pichincha",,,tiempo completo,QA,"java, c++, sql, azure, excel, restful apis, devops, teams, machine learning, business intelligence","trabajo en equipo, comunicación, aprendizaje continuo"
Senior Quality Assurance Engineer,Roche,"Quito, Pichincha",,,tiempo completo,QA,"c++, aws, azure, gcp, kubernetes, docker, postman, excel, microservicios, restful apis, devops, ci/cd, teams, machine learning, business intelligence, testing, casos de prueba, control de calidad, test automation","trabajo en equipo, comunicación, liderazgo, adaptabilidad, inglés avanzado, planificación"
Hybrid In Quito,Stack Builders,"Quito, Pichincha",,,tiempo completo,QA,"c++, git, jira, excel, restful apis, scrum, teams, machine learning, business intelligence, ux/ui","trabajo en equipo, comunicación, adaptabilidad, orientación a resultados, aprendizaje continuo, gestión del tiempo, inglés avanzado, planificación, gestión de proyectos"
Computer Engineer,Devsu,"Guayaquil, Guayas",,,tiempo completo,QA,"java, python, sql, gcp, excel, ci/cd, business intelligence","trabajo en equipo, comunicación, aprendizaje continuo, proactividad, creatividad, pensamiento crítico, negociación"
Desarrollador de Software,SGF Global,"Quito, Pichincha",,,tiempo completo,Desarrollador de Software,"java, javascript, python, c#, sql, react, kotlin, swift, flutter, azure, jenkins, git, microservicios, restful apis, devops, ci/cd, business intelligence, desarrollo web, desarrollo móvil, desarrollo de software","trabajo en equipo, adaptabilidad, aprendizaje continuo, responsabilidad"
Desarrollador de Software (Presencial),SGF Global,"Quito, Pichincha",,,tiempo completo,Desarrollador de Software,"c#, sql, azure, git, restful apis, devops, business intelligence, desarrollo web, desarrollo móvil, programación, desarrollo de software","trabajo en equipo, liderazgo, atención al detalle, proactividad, creatividad, responsabilidad"
Desarrolladora de software con experiencia en aplicaciones cloud,Viamatica,"Guayaquil, Guayas",,,tiempo completo,Desarrollador de Software,"sql, restful apis, business intelligence, desarrollo de software","trabajo en equipo, atención al detalle, responsabilidad"
"Desarrollador JAVA SR, Remoto LATAM",Sofka Technologies,"Quito, Pichincha",,,tiempo completo,Desarrollador de Software,"java, javascript, python, sql, react, azure, jenkins, git, jira, confluence, excel, microservicios, scrum, devops, ci/cd, teams, machine learning, business intelligence, desarrollo web, desarrollo móvil, desarrollo de software","trabajo en equipo, liderazgo, aprendizaje continuo, atención al detalle, gestión del tiempo, creatividad, mentoría, responsabilidad"
DESARROLLADOR ERP,Jaher,"Cuenca, Azuay",,,tiempo completo,Desarrollador de Software,"java, javascript, sql, excel, restful apis, erp, machine learning, business intelligence, desarrollo web, desarrollo móvil, programación, desarrollo de software","trabajo en equipo, resolución de problemas, proactividad, creatividad, responsabilidad"
Ingeniero de Software Senior Remoto URUGUAY,Sofka Technologies,"Quito, Pichincha",,,tiempo completo,Desarrollador de Software,"java, javascript, html/css, react, aws, azure, git, microservicios, restful apis, scrum, devops, machine learning, business intelligence","trabajo en equipo, aprendizaje continuo, atención al detalle, gestión del tiempo, creatividad, mentoría, responsabilidad"
Desarrollador JAVA SR,Sofka Technologies,"Quito, Pichincha",,,tiempo completo,Desarrollador de Software,"java, sql, aws, azure, gcp, kubernetes, docker, jenkins, git, microservicios, restful apis, devops, ci/cd, machine learning, business intelligence, desarrollo web, desarrollo móvil, programación, desarrollo de software","trabajo en equipo, aprendizaje continuo, atención al detalle, gestión del tiempo, mentoría"
Desarrollador De Software,SGF Global,"Quito, Pichincha",,,tiempo completo,Desarrollador de Software,"php, sql, react, git, restful apis, scrum, business intelligence, desarrollo web, desarrollo móvil, programación, desarrollo de software","trabajo en equipo, comunicación, resolución de problemas, adaptabilidad, orientación a resultados, aprendizaje continuo, atención al detalle, proactividad, gestión del tiempo, creatividad, pensamiento crítico, inglés avanzado, responsabilidad"
Desarrollador De Software Junior,Hitss Ecuador,"Guayaquil, Guayas",,,tiempo completo,Desarrollador de Software,"react, docker, microservicios, ci/cd, desarrollo web, desarrollo móvil, desarrollo de software","resolución de problemas, gestión de proyectos, trabajo en equipo, aprendizaje continuo"
Desarrollador/a Sr,Naturisa,"Guayaquil, Guayas",,,tiempo completo,Desarrollador de Software,"javascript, c#, html/css, sql, react, restful apis, machine learning, ux/ui, desarrollo web, desarrollo de software","trabajo en equipo, resolución de problemas, aprendizaje continuo"
Ingenieros de Software | ECU,Sofka Technologies,"Quito, Pichincha",,,tiempo completo,Desarrollador de Software,"java, python, c#, sql, react, flutter, react native, aws, azure, gcp, kubernetes, docker, git, jira, confluence, microservicios, restful apis, scrum, devops, ci/cd, machine learning, business intelligence","trabajo en equipo, aprendizaje continuo, atención al detalle, gestión del tiempo, creatividad, responsabilidad"
Desarrollador/a Sr,Naturisa,"Guayaquil, Guayas",,,tiempo completo,Desarrollador de Software,"javascript, c#, html/css, sql, react, excel, restful apis, machine learning, business intelligence, ux/ui, desarrollo web, desarrollo de software","trabajo en equipo, liderazgo, creatividad, responsabilidad"
Desarrollador De Software Entornos Cloud,SGF Global,"Quito, Pichincha",,,tiempo completo,Desarrollador de Software,"restful apis, scrum, ci/cd, business intelligence, desarrollo web, desarrollo de software","trabajo en equipo, responsabilidad, resolución de problemas, aprendizaje continuo"
Desarrollador Full Stack Java AWS React Native,Sofka Technologies,"Quito, Pichincha",,,tiempo completo,Desarrollador de Software,"java, sql, react, quarkus, react native, aws, git, microservicios, restful apis, erp, desarrollo web, desarrollo móvil, desarrollo de software","trabajo en equipo, comunicación, atención al detalle, proactividad"
Desarrollador De Software Frontend Junior,Iberoamerican University Foundation (Funiber),"Guayaquil, Guayas",,,tiempo completo,Desarrollador de Software,"java, javascript, python, php, html/css, sql, react, next.js, docker, jenkins, git, excel, restful apis, scrum, devops, ci/cd, figma, adobe xd, sketch, linux, machine learning, business intelligence, desarrollo web, desarrollo móvil, programación, desarrollo de software","trabajo en equipo, comunicación, resolución de problemas, proactividad, gestión del tiempo, creatividad, inglés avanzado, planificación, responsabilidad"
Desarrollador,Banco Bolivariano,"Guayaquil, Guayas",,,tiempo completo,Desarrollador de Software,"python, c#, c++, sql, git, restful apis, business intelligence, desarrollo web, desarrollo móvil, programación, desarrollo de software","orientación a resultados, aprendizaje continuo, trabajo en equipo, resolución de problemas"
Desarrolladores Java | ECU,Sofka Technologies,"Quito, Pichincha",,,tiempo completo,Desarrollador de Software,"java, docker, microservicios, restful apis, machine learning, business intelligence, desarrollo web, desarrollo móvil, programación, desarrollo de software","trabajo en equipo, aprendizaje continuo, atención al detalle, gestión del tiempo, creatividad, pensamiento crítico"
Ingeniero en IT/Desarrollador,Human Consulting Strategies,"Quito, Pichincha",,,tiempo completo,Desarrollador de Software,"java, javascript, html/css, sql, react, power bi, scrum, erp, machine learning, business intelligence, desarrollo web, desarrollo móvil, desarrollo de software","trabajo en equipo, comunicación, orientación a resultados, aprendizaje continuo, proactividad, pensamiento crítico, responsabilidad"
DESARROLLADOR FRONTEND,Grupo Corporativo Fajardo,Guayas,,,tiempo completo,Desarrollador de Software,"java, javascript, python, html/css, react, next.js, react native, aws, git, restful apis, scrum, ci/cd, machine learning, business intelligence, desarrollo web, desarrollo móvil, desarrollo de software","trabajo en equipo, atención al detalle, creatividad"
DESARROLLADOR BACKEND - SEMI SENIOR,Grupo Corporativo Fajardo,Guayas,,,tiempo completo,Desarrollador de Software,"python, sql, docker, git, restful apis, scrum, linux, business intelligence, desarrollo web, desarrollo móvil, desarrollo de software","atención al detalle, trabajo en equipo, resolución de problemas, aprendizaje continuo"
Desarrollador Semi Senior,Jaher,"Cuenca, Azuay",7,,tiempo completo,Desarrollador de Software,"azure, git, scrum, devops, business intelligence, desarrollo web, desarrollo móvil, desarrollo de software","trabajo en equipo, comunicación, liderazgo, resolución de problemas, adaptabilidad, aprendizaje continuo, atención al detalle, creatividad, responsabilidad"
Ingeniero en IT/Desarrollador,Human Consulting Strategies,"Quito, Pichincha",,,tiempo completo,Desarrollador de Software,"java, javascript, html/css, sql, react, power bi, scrum, erp, machine learning, business intelligence, desarrollo web, desarrollo móvil, desarrollo de software","trabajo en equipo, comunicación, orientación a resultados, aprendizaje continuo, proactividad, pensamiento crítico, responsabilidad"
Buscamos Desarrollador/a senior fullstack,Viamatica,"Guayaquil, Guayas",,,tiempo completo,Desarrollador de Software,"java, javascript, sql, react, kubernetes, docker, git, restful apis, scrum, ci/cd, business intelligence, desarrollo web, desarrollo móvil, desarrollo de software","trabajo en equipo, liderazgo, mentoría, responsabilidad"
Desarrollador Back End Java,Neoris,"Quito, Pichincha",,,tiempo completo,Desarrollador de Software,"java, html/css, aws, azure, gcp, jenkins, git, jira, confluence, microservicios, restful apis, ci/cd, teams, machine learning, business intelligence, desarrollo web, desarrollo móvil, desarrollo de software","trabajo en equipo, adaptabilidad, aprendizaje continuo, atención al detalle, gestión del tiempo, creatividad, responsabilidad"
Desarrollador Back End Java,Neoris,"Quito, Pichincha",,,tiempo completo,Desarrollador de Software,"java, html/css, aws, azure, gcp, jenkins, git, jira, confluence, microservicios, restful apis, ci/cd, teams, machine learning, business intelligence, desarrollo web, desarrollo móvil, desarrollo de software","trabajo en equipo, adaptabilidad, aprendizaje continuo, atención al detalle, gestión del tiempo, creatividad, responsabilidad"
Desarrolador De Software Fullstack,Banco Central Del Ecuador,Ecuador,,,tiempo completo,Desarrollador de Software,"erp, business intelligence","aprendizaje continuo, proactividad, gestión del tiempo, creatividad, responsabilidad"
Analista Desarrollo De Software,Eficacia,"Guayaquil, Guayas",,,tiempo completo,Desarrollador de Software,"java, javascript, c#, html/css, sql, flutter, aws, git, restful apis, erp, machine learning, business intelligence","trabajo en equipo, resolución de problemas, pensamiento crítico, atención al detalle, comunicación"
Desarrollador,SGF Global,"Quito, Pichincha",,,tiempo completo,Desarrollador de Software,"python, sql, react, restful apis, ci/cd, business intelligence, desarrollo web, desarrollo móvil, desarrollo de software","trabajo en equipo, aprendizaje continuo, creatividad, gestión de proyectos"
Desarrollador Full Stack,Viamatica,"Guayaquil, Guayas",,,tiempo completo,Desarrollador de Software,"javascript, c#, sql, react, aws, azure, docker, git, restful apis, devops, ci/cd, linux, business intelligence, desarrollo web, desarrollo móvil, desarrollo de software","trabajo en equipo, comunicación, resolución de problemas, orientación a resultados, aprendizaje continuo, atención al detalle, proactividad, gestión del tiempo, creatividad, responsabilidad"
Desarrollador Estandar De Erp-Cuenca,Jaher,"Cuenca, Azuay",,,tiempo completo,Desarrollador de Software,"java, javascript, sql, excel, restful apis, erp, machine learning, business intelligence, desarrollo web, desarrollo móvil, programación, desarrollo de software","trabajo en equipo, resolución de problemas, proactividad, creatividad, responsabilidad"
Software Quality Assurance Analyst,Banco Central Del Ecuador,"Quito, Pichincha",,,tiempo completo,Desarrollador de Software,"sql, jira, postman, soapui, restful apis, scrum, erp, business intelligence, pruebas manuales, pruebas automatizadas, casos de prueba, control de calidad","trabajo en equipo, comunicación, liderazgo, resolución de problemas, orientación a resultados, aprendizaje continuo, atención al detalle, proactividad, gestión del tiempo, creatividad, responsabilidad"
Desarrollador Full Stack Semi Senior,Sofka Technologies,"Quito, Pichincha",,,tiempo completo,Desarrollador de Software,"java, javascript, sql, react, react native, aws, docker, git, restful apis, business intelligence, desarrollo web, desarrollo móvil, desarrollo de software","trabajo en equipo, atención al detalle, gestión del tiempo, planificación, servicio al cliente, gestión de proyectos"
Desarrollador(A) Microsoft Dynamics 365 Y/O Business Central,TD SYNNEX,"Quito, Pichincha",,,tiempo completo,Desarrollador de Software,"sql, aws, dynamics 365, linux, windows, business intelligence, programación, desarrollo de software","inglés avanzado, responsabilidad, trabajo en equipo, resolución de problemas, aprendizaje continuo"
Desarrollador Senior Full Stack,Sofka Technologies,"Quito, Pichincha",,,tiempo completo,Desarrollador de Software,"java, javascript, sql, react, git, jira, excel, restful apis, ci/cd, machine learning, business intelligence, data analysis, desarrollo de software","trabajo en equipo, liderazgo, resolución de problemas, atención al detalle, creatividad, gestión de proyectos"
Desarrollador Odoo,SGF Global,"Quito, Pichincha",,,tiempo completo,Desarrollador de Software,"sql, desarrollo web, desarrollo móvil, desarrollo de software","trabajo en equipo, comunicación, resolución de problemas, proactividad"
Buscamos Desarrollador/A Senior Fullstack,Viamatica,"Guayaquil, Guayas",,,tiempo completo,Desarrollador de Software,"java, javascript, sql, react, kubernetes, docker, git, restful apis, scrum, ci/cd, business intelligence, desarrollo web, desarrollo móvil, desarrollo de software","trabajo en equipo, liderazgo, mentoría, responsabilidad"
Desarrollador Frontend,NexTI Business Solutions,"Quito, Pichincha",,,tiempo completo,Desarrollador de Software,"java, javascript, c++, html/css, react, next.js, aws, git, restful apis, ci/cd, machine learning, business intelligence, desarrollo web, desarrollo móvil, desarrollo de software","trabajo en equipo, aprendizaje continuo, atención al detalle, proactividad, creatividad, responsabilidad"
Semi-Senior/Senior Desarrollador Java (Spring) - Sector Financiero/Bancario,Devsu,"Puerto Quito, Pichincha",,,tiempo completo,Desarrollador de Software,"java, react, git, microservicios, scrum, ci/cd, business intelligence, desarrollo web, desarrollo móvil, programación, desarrollo de software","trabajo en equipo, adaptabilidad, gestión del tiempo"
Desarrollador Senior Odoo (Openerp),Relative Engine,"San Lorenzo, Esmeraldas",,,tiempo completo,Desarrollador de Software,"java, javascript, python, html/css, sql, aws, git, restful apis, scrum, erp, linux, machine learning, business intelligence, desarrollo web, desarrollo móvil, desarrollo de software","trabajo en equipo, liderazgo, resolución de problemas, aprendizaje continuo, atención al detalle, responsabilidad"
Desarrollador Rpa,Banco Bolivariano,"Guayaquil, Guayas",,,tiempo completo,Desarrollador de Software,"python, c#, sql, git, restful apis, business intelligence, desarrollo web, desarrollo móvil, programación, desarrollo de software","orientación a resultados, aprendizaje continuo, trabajo en equipo, resolución de problemas"
Semi-Senior/Senior Desarrollador Java,Devsu,"Quito, Pichincha",,,tiempo completo,Desarrollador de Software,"java, azure, jenkins, git, selenium, cypress, microservicios, restful apis, scrum, devops, ci/cd, business intelligence, desarrollo web, desarrollo móvil, desarrollo de software","trabajo en equipo, adaptabilidad, aprendizaje continuo, atención al detalle, gestión del tiempo, mentoría, responsabilidad"
Especialista en Automatización / RPA,SGF Global,"Quito, Pichincha",,,tiempo completo,Desarrollador de Software,"python, c#, c++, git, erp, crm, business intelligence","trabajo en equipo, liderazgo, resolución de problemas, orientación a resultados, aprendizaje continuo, atención al detalle, gestión del tiempo, creatividad, responsabilidad"
Experto Funcional ATMs – Senior - Quito Ecuador,Sofka Technologies,"Quito, Pichincha",,,tiempo completo,Desarrollador de Software,"jira, scrum, devops, ci/cd, machine learning, business intelligence","trabajo en equipo, liderazgo, aprendizaje continuo, gestión del tiempo, creatividad, pensamiento crítico, mentoría, responsabilidad"
Fullstack Developer [Java / React] [ALL LATAM],Tekton Labs,Ecuador,,,tiempo completo,Desarrollador de Software,"java, react, react native, aws, azure, gcp, kubernetes, docker, git, jira, excel, microservicios, restful apis, scrum, devops, ci/cd, business intelligence, desarrollo web, desarrollo móvil, desarrollo de software","trabajo en equipo, comunicación, adaptabilidad, inglés avanzado"
Full-Stack Developer (.Net/Angular) - Sector Financiero/Bancario,Devsu,"Puerto Quito, Pichincha",,,tiempo completo,Desarrollador de Software,"java, c#, sql, react, devops, ci/cd, business intelligence, desarrollo web, desarrollo móvil, desarrollo de software","trabajo en equipo, comunicación, adaptabilidad, aprendizaje continuo, atención al detalle, gestión del tiempo, mentoría, responsabilidad"
Devops Specialist,Grupo Consenso,"Guayaquil, Guayas",,,tiempo completo,Desarrollador de Software,"java, python, kubernetes, docker, git, microservicios, restful apis, devops, ci/cd, business intelligence","trabajo en equipo, liderazgo, resolución de problemas, aprendizaje continuo, proactividad, gestión del tiempo, responsabilidad"
ANALISTA DE DATOS - NEXUMCORP,Centric Ecuador,"Quito, Pichincha",,,tiempo completo,Analista de Datos,"c++, restful apis, data analysis, análisis de datos, estadística","trabajo en equipo, comunicación, resolución de problemas, orientación a resultados, creatividad, pensamiento crítico, servicio al cliente, responsabilidad"
Analista de Calidad de Datos,IQVIA,"Quito, Pichincha",,,tiempo completo,Analista de Datos,"sql, git, excel, business intelligence, data analysis, casos de prueba, control de calidad, análisis de datos","resolución de problemas, orientación a resultados, aprendizaje continuo, atención al detalle, creatividad, responsabilidad"
ANALISTA DE DATOS,Colineal,"Cuenca, Azuay",,,tiempo completo,Analista de Datos,"excel, power bi, business intelligence, análisis de datos","trabajo en equipo, aprendizaje continuo, pensamiento crítico, atención al detalle, comunicación"
ANALISTA DE BASE DE DATOS/ QUITO,Eficacia,"Quito, Pichincha",,,tiempo completo,Analista de Datos,"excel, power bi, business intelligence, data analysis, análisis de datos","resolución de problemas, pensamiento crítico, atención al detalle, comunicación"
Analista de datos,Incarpalm,"Machala, El Oro",,,tiempo completo,Analista de Datos,"python, excel, power bi, business intelligence, data analysis, análisis de datos, estadística, dashboards, kpis","trabajo en equipo, comunicación, resolución de problemas, orientación a resultados, aprendizaje continuo, pensamiento crítico, inglés avanzado, planificación"
ANALISTA DE DATOS,CRECOS,"Guayaquil, Guayas",,,tiempo completo,Analista de Datos,"excel, restful apis, análisis de datos","trabajo en equipo, pensamiento crítico, atención al detalle, comunicación"
Analista Prevención de Fraudes (Análisis de Datos),Banco Bolivariano,"Guayaquil, Guayas",,,tiempo completo,Analista de Datos,"python, sql, power bi, business intelligence, data analysis, análisis de datos, estadística","comunicación, resolución de problemas, aprendizaje continuo, pensamiento crítico, inglés avanzado"
ANALISTA DE DATOS,Colineal,"Cuenca, Azuay",,,tiempo completo,Analista de Datos,"excel, power bi, business intelligence, análisis de datos","trabajo en equipo, aprendizaje continuo, pensamiento crítico, atención al detalle, comunicación"
ANALISTA DE DATOS & BI,Grupo Danec,"Sangolqui, Pichincha",,,tiempo completo,Analista de Datos,"sql, git, excel, power bi, machine learning, business intelligence, data analysis, análisis de datos, estadística, reporting, dashboards, kpis","trabajo en equipo, liderazgo, resolución de problemas, orientación a resultados, pensamiento crítico, responsabilidad"
Analista Corporativo de Datos,BMI,"Quito, Pichincha",,,tiempo completo,Analista de Datos,"python, sql, power bi, business intelligence, data analysis, análisis de datos, estadística, dashboards","comunicación, resolución de problemas, atención al detalle, gestión del tiempo, pensamiento crítico, inglés avanzado, responsabilidad"
ANALISTA DE DATOS,CRECOS,"Guayaquil, Guayas",,,tiempo completo,Analista de Datos,"erp, machine learning, business intelligence, data analysis, análisis de datos","trabajo en equipo, liderazgo, resolución de problemas, orientación a resultados, proactividad, pensamiento crítico, responsabilidad"
ANALISTA DE DATOS,Cresa,"Guayaquil, Guayas",,,tiempo completo,Analista de Datos,"erp, business intelligence, data analysis, análisis de datos","trabajo en equipo, resolución de problemas, orientación a resultados, proactividad, pensamiento crítico, responsabilidad"
ANALISTA DE BASE DE DATOS/ QUITO,Eficacia,"Quito, Pichincha",,,tiempo completo,Analista de Datos,"excel, power bi, business intelligence, data analysis, análisis de datos","trabajo en equipo, resolución de problemas, orientación a resultados"
ANALISTA DE BASE DE DATOS/ QUITO,Eficacia,"Quito, Pichincha",,,tiempo completo,Analista de Datos,"excel, power bi, business intelligence, data analysis, análisis de datos","resolución de problemas, pensamiento crítico, atención al detalle, comunicación"
Analista de datos,Incarpalm,"Machala, El Oro",,,tiempo completo,Analista de Datos,"python, excel, power bi, business intelligence, data analysis, análisis de datos, estadística, dashboards, kpis","trabajo en equipo, comunicación, resolución de problemas, orientación a resultados, aprendizaje continuo, pensamiento crítico, inglés avanzado, planificación"
Tutor de Análisis de Datos LATAM,TripleTen,"Quito, Pichincha",700,,tiempo parcial,Analista de Datos,"python, sql, git, excel, miro, notion, zoom, business intelligence","trabajo en equipo, comunicación, liderazgo, resolución de problemas, adaptabilidad, aprendizaje continuo, atención al detalle, gestión del tiempo, inglés avanzado, mentoría"
Analista De Datos,CRECOS,"Guayaquil, Guayas",,,tiempo completo,Analista de Datos,"erp, business intelligence, data analysis, análisis de datos","trabajo en equipo, resolución de problemas, orientación a resultados, proactividad, pensamiento crítico, responsabilidad"
Analista De Calidad De Datos,IQVIA,"Quito, Pichincha",,,tiempo completo,Analista de Datos,"sql, git, excel, business intelligence, data analysis, casos de prueba, control de calidad, análisis de datos","resolución de problemas, orientación a resultados, aprendizaje continuo, atención al detalle, creatividad, responsabilidad"
Analista De Datos + Oracle Fusion/Otbi,Sofka Technologies,"Quito, Pichincha",,,tiempo completo,Analista de Datos,"python, c++, sql, git, excel, power bi, oracle fusion, ci/cd, erp, machine learning, business intelligence, análisis de datos, dashboards","trabajo en equipo, comunicación, liderazgo, resolución de problemas, orientación a resultados, aprendizaje continuo, proactividad, pensamiento crítico, mentoría, planificación, responsabilidad"
Analista De Datos + Oracle Fusion/Otbi,Sofka Technologies,"Quito, Pichincha",,,tiempo completo,Analista de Datos,"python, c++, sql, git, excel, power bi, oracle fusion, ci/cd, erp, machine learning, business intelligence, análisis de datos, dashboards","trabajo en equipo, comunicación, liderazgo, resolución de problemas, orientación a resultados, aprendizaje continuo, proactividad, pensamiento crítico, mentoría, planificación, responsabilidad"
Analista De Datos – Junior,Sofka Technologies,"Quito, Pichincha",,,tiempo completo,Analista de Datos,"python, sql, excel, power bi, linux, windows, machine learning, business intelligence, análisis de datos, dashboards","trabajo en equipo, comunicación, resolución de problemas, adaptabilidad, aprendizaje continuo, atención al detalle, proactividad, responsabilidad"
Analista De Datos Y Automatización Operativa,CRECOS,"Guayaquil, Guayas",,,tiempo completo,Analista de Datos,"python, sql, git, excel, power bi, restful apis, business intelligence, análisis de datos, estadística, kpis","comunicación, liderazgo, resolución de problemas, orientación a resultados, aprendizaje continuo, atención al detalle, proactividad, creatividad, pensamiento crítico, responsabilidad"
Analista De Datos De Medios Digitales,Sofka Technologies,"Quito, Pichincha",,,tiempo completo,Analista de Datos,"git, erp, machine learning, business intelligence, análisis de datos, kpis, métricas","trabajo en equipo, comunicación, resolución de problemas, orientación a resultados, proactividad, responsabilidad"
Analista Gobierno De Datos,Banco Bolivariano,"Guayaquil, Guayas",,,tiempo completo,Analista de Datos,"sql, análisis de datos, métricas","trabajo en equipo, resolución de problemas, aprendizaje continuo, atención al detalle, pensamiento crítico"
Analista De Datos,Sofka Technologies,"Quito, Pichincha",,,tiempo completo,Analista de Datos,"sql, excel, power bi, business intelligence, análisis de datos","pensamiento crítico, atención al detalle, comunicación"
Analista De Datos Y Reportería Call Center Quito,Sofka Technologies,"Quito, Pichincha",,,tiempo completo,Analista de Datos,"c++, git, excel, power bi, scrum, erp, business intelligence, data analysis, análisis de datos, estadística, dashboards, kpis, métricas","trabajo en equipo, comunicación, resolución de problemas, orientación a resultados, gestión del tiempo, pensamiento crítico, responsabilidad"
Analista de Control y Reporting,Ferrero,"Quito, Pichincha",,,tiempo completo,Analista de Datos,"c++, excel, machine learning, business intelligence, data analysis","comunicación, resolución de problemas, adaptabilidad, orientación a resultados, atención al detalle, gestión del tiempo, creatividad, pensamiento crítico, inglés avanzado, planificación"
ANALISTA DE OBSERVATORIOS,Universidad Técnica Particular de Loja,Loja,,,tiempo completo,Analista de Datos,"python, excel, erp, business intelligence, data analysis","trabajo en equipo, resolución de problemas, orientación a resultados, proactividad, gestión del tiempo, pensamiento crítico, inglés avanzado, negociación, planificación, responsabilidad"
Analista de Control y Reporting,Ferrero,"Quito, Pichincha",,,tiempo completo,Analista de Datos,"c++, excel, machine learning, business intelligence, data analysis","comunicación, resolución de problemas, adaptabilidad, orientación a resultados, atención al detalle, gestión del tiempo, creatividad, pensamiento crítico, inglés avanzado, planificación"
Analista de Sistemas de Gestión,La Fabril,"Montecristi, Manabí",,,tiempo completo,Analista de Datos,"c++, business intelligence","trabajo en equipo, comunicación, liderazgo, orientación a resultados, aprendizaje continuo, atención al detalle, gestión del tiempo, creatividad, pensamiento crítico, responsabilidad"
ANALISTA DE INTELIGENCIA DE NEGOCIOS - QUITO,Grupo Lucky Ecuador,"Quito, Pichincha",,,tiempo completo,Analista de Datos,"python, sql, excel, power bi, business intelligence, data analysis","trabajo en equipo, resolución de problemas, orientación a resultados, atención al detalle, responsabilidad"
Consultor En Protección De Datos,Orion Legal Technology,"Quito, Pichincha",,,tiempo completo,Analista de Datos,excel,"trabajo en equipo, liderazgo, orientación a resultados, aprendizaje continuo, proactividad"
Product Manager (Analista de Producto),Netlife,"Quito, Pichincha",,,tiempo completo,Analista de Datos,"git, microservicios, scrum, business intelligence","trabajo en equipo, comunicación, liderazgo, resolución de problemas, orientación a resultados, aprendizaje continuo, creatividad, pensamiento crítico, servicio al cliente, gestión de proyectos, responsabilidad"
ANALISTA MERCADEO,Plasticaucho Industrial,"Ambato, Tungurahua",,,tiempo completo,Analista de Datos,"c++, git, excel, business intelligence, data analysis","resolución de problemas, adaptabilidad, pensamiento crítico, atención al detalle, comunicación"
Analista de Data Maestra,PICA Plásticos Industriales,"Guayaquil, Guayas",,,tiempo completo,Analista de Datos,"excel, business intelligence","gestión del tiempo, pensamiento crítico, atención al detalle, comunicación"
Analista de Procesos QA,Omarsa,Guayas,,,tiempo completo,Analista de Datos,"c#, jira, dynamics 365, scrum, devops, erp, business intelligence, pruebas manuales, pruebas automatizadas, casos de prueba, control de calidad","trabajo en equipo, comunicación, resolución de problemas, planificación, responsabilidad"
Quito - Analista de Inteligencia Comercial,Grupo Lucky Ecuador,"Quito, Pichincha",,,tiempo completo,Analista de Datos,"sql, excel, power bi, business intelligence","resolución de problemas, orientación a resultados, responsabilidad"
Analista BI,SGF Global,"Quito, Pichincha",,,tiempo completo,Analista de Datos,"excel, power bi, erp, machine learning, business intelligence, data analysis","trabajo en equipo, comunicación, liderazgo, resolución de problemas, adaptabilidad, aprendizaje continuo, gestión del tiempo, inglés avanzado, responsabilidad"
ANALISTA DE CRÉDITO F&I - KIA NORTE,Lavca,"Quito, Pichincha",,,tiempo completo,Analista de Datos,business intelligence,"trabajo en equipo, resolución de problemas, orientación a resultados"
Analista de Control Contable,Advising & Recruiting,"Quito, Pichincha",,,tiempo completo,Analista de Datos,"excel, power bi, business intelligence, data analysis","comunicación, resolución de problemas, atención al detalle, pensamiento crítico, inglés avanzado, responsabilidad"
ANALISTA DE MARKETING DIGITAL - SUZUKI DEL ECUADOR,Centric Ecuador,"Quito, Pichincha",,,tiempo completo,Analista de Datos,"c++, git, data analysis","trabajo en equipo, comunicación, resolución de problemas, orientación a resultados, pensamiento crítico, gestión de proyectos, responsabilidad"
ANALISTA DE TRABAJO SOCIAL,Mapfre,"Quito, Pichincha",,,tiempo completo,Analista de Datos,"excel, restful apis, erp, teams, zoom, business intelligence","trabajo en equipo, comunicación, adaptabilidad, orientación a resultados, atención al detalle, gestión del tiempo, creatividad, responsabilidad"
Analista de Ejecución Comercial,BIC,"Guayaquil, Guayas",,,tiempo completo,Analista de Datos,"c++, excel, erp, machine learning, business intelligence, data analysis","trabajo en equipo, comunicación, liderazgo, resolución de problemas, orientación a resultados, aprendizaje continuo, proactividad, gestión del tiempo, creatividad, pensamiento crítico, inglés avanzado, planificación, responsabilidad"
ANALISTA DE INTELIGENCIA DE NEGOCIOS - QUITO,Grupo Lucky Ecuador,"Quito, Pichincha",,,tiempo completo,Analista de Datos,"python, sql, excel, power bi, business intelligence, data analysis","trabajo en equipo, resolución de problemas, orientación a resultados, atención al detalle, responsabilidad"
Analista de TI,Fresenius Kabi,Guayas,,,tiempo completo,Analista de Datos,"sql, git, power bi, scrum, power platform, business intelligence","trabajo en equipo, adaptabilidad, orientación a resultados, gestión del tiempo, pensamiento crítico, inglés avanzado"
ANALISTA DE COMPRAS - TEMPORAL,Promart,"Quito, Pichincha",,,tiempo completo,Analista de Datos,"excel, power bi, business intelligence, data analysis","trabajo en equipo, resolución de problemas, orientación a resultados"
ANALISTA CONTABLE,LHenriques,"Guayaquil, Guayas",,,tiempo completo,Analista de Datos,"excel, machine learning, business intelligence","trabajo en equipo, resolución de problemas, adaptabilidad, orientación a resultados, atención al detalle, proactividad, gestión del tiempo, pensamiento crítico, planificación, responsabilidad"
ANALISTA SISTEMAS DE GESTION,Grupo Ortiz,"Cuenca, Azuay",,,tiempo completo,Analista de Datos,"excel, business intelligence, data analysis","comunicación, resolución de problemas, adaptabilidad, atención al detalle, gestión del tiempo, responsabilidad"
ANALISTA MERCADEO,Plasticaucho Industrial,"Ambato, Tungurahua",,,tiempo completo,Analista de Datos,"git, excel, business intelligence, data analysis","trabajo en equipo, liderazgo, resolución de problemas, adaptabilidad, aprendizaje continuo, proactividad"
Quito - Analista de Inteligencia Comercial,Lucky Ecuador,"Quito, Pichincha",,,tiempo completo,Analista de Datos,"sql, excel, power bi, business intelligence","liderazgo, resolución de problemas, orientación a resultados, responsabilidad"
Analista Riesgo de Crédito – Campañas y Monitoreo,Banco Bolivariano,"Guayaquil, Guayas",,,tiempo completo,Analista de Datos,"python, sql, excel, power bi, business intelligence, data analysis","resolución de problemas, orientación a resultados, aprendizaje continuo, atención al detalle"
Analista de Ventas/Comercial,Servier,"Quito, Pichincha",,,tiempo completo,Analista de Datos,business intelligence,"trabajo en equipo, comunicación, resolución de problemas, adaptabilidad, orientación a resultados, atención al detalle, proactividad, gestión del tiempo, pensamiento crítico, inglés avanzado, planificación, responsabilidad"
Analista Senior Riesgo de Crédito – Metodológico y Modelos,Banco Bolivariano,"Guayaquil, Guayas",,,tiempo completo,Analista de Datos,"python, sql, aws, power bi, business intelligence, data analysis","comunicación, resolución de problemas, orientación a resultados, aprendizaje continuo"
ANALISTA DE DESARROLLO Y CAPACITACIÓN,Promart,"Quito, Pichincha",,,tiempo completo,Analista de Datos,"git, excel, machine learning, business intelligence","trabajo en equipo, comunicación, orientación a resultados, aprendizaje continuo, gestión del tiempo"
ANALISTA DE CRÉDITO FI - KIA NORTE,Lavca,"Quito, Pichincha",,,tiempo completo,Analista de Datos,business intelligence,"trabajo en equipo, resolución de problemas, orientación a resultados, proactividad"
Analista de procesos de mejora y Power BI,Ecuaquimica,"Guayaquil, Guayas",,,tiempo completo,Analista de Datos,"excel, power bi, power platform, machine learning, business intelligence, data analysis","trabajo en equipo, liderazgo, resolución de problemas, aprendizaje continuo, atención al detalle, proactividad, gestión del tiempo, pensamiento crítico, gestión de proyectos"
Analista de procesos de mejora y Power BI,Ecuaquimica,"Guayaquil, Guayas",,,tiempo completo,Analista de Datos,"excel, power bi, power platform, machine learning, business intelligence, data analysis","trabajo en equipo, liderazgo, resolución de problemas, aprendizaje continuo, atención al detalle, proactividad, gestión del tiempo, gestión de proyectos"
Guayaquil: Analista Junior de Inteligencia Comercial,Grupo Lucky Ecuador,"Guayaquil, Guayas",,,tiempo completo,Analista de Datos,"aws, excel, power bi, business intelligence","comunicación, resolución de problemas, pensamiento crítico, atención al detalle"
ANALISTA DE COSTOS,Bureau Veritas,"Guayaquil, Guayas",,,tiempo completo,Analista de Datos,"excel, power bi, business intelligence","aprendizaje continuo, atención al detalle, pensamiento crítico, responsabilidad"
Analista Tributario,Zurich,"Quito, Pichincha",,,tiempo completo,Analista de Datos,"excel, business intelligence","trabajo en equipo, resolución de problemas, pensamiento crítico, atención al detalle, comunicación"
ANALISTA DE CIBER SEGURIDAD JR,Novacero,"Guayaquil, Guayas",,,tiempo completo,Analista de Datos,"excel, business intelligence","trabajo en equipo, comunicación, resolución de problemas, proactividad, responsabilidad"
Analista de Compensaciones y Estructuras Organizacionales,Veolia,"Guayaquil, Guayas",,,tiempo completo,Analista de Datos,"restful apis, machine learning, business intelligence","trabajo en equipo, comunicación, liderazgo, resolución de problemas, adaptabilidad, orientación a resultados, aprendizaje continuo, gestión del tiempo, creatividad, inglés avanzado, responsabilidad"
Trafficker Digital y Analista de Campañas avanzado,Centric Ecuador,"Quito, Pichincha",,,tiempo completo,Analista de Datos,"git, crm, machine learning, business intelligence","liderazgo, resolución de problemas, orientación a resultados, aprendizaje continuo, creatividad, responsabilidad"
Analista de Comprás,Promart,"Quito, Pichincha",,,tiempo completo,Analista de Datos,"c++, git, excel, erp, machine learning, business intelligence","trabajo en equipo, comunicación, liderazgo, resolución de problemas, orientación a resultados, atención al detalle, gestión del tiempo, pensamiento crítico, inglés avanzado, negociación, planificación, responsabilidad"
Analista SAP,Gestalt,"Guayaquil, Guayas",,,tiempo completo,Analista de Datos,"power bi, scrum, erp, linux, windows, business intelligence","trabajo en equipo, aprendizaje continuo, pensamiento crítico, atención al detalle, comunicación"
Analista de Talento Humano con experiencia,ROBOTIC MINDS,"Quito, Pichincha",,,tiempo completo,Analista de Datos,"excel, erp","trabajo en equipo, comunicación, orientación a resultados, proactividad, creatividad"
ANALISTA DE TRADE MARKETING - QUITO,Eficacia,"Quito, Pichincha",,,tiempo completo,Analista de Datos,"excel, business intelligence, data analysis","resolución de problemas, aprendizaje continuo, pensamiento crítico, atención al detalle, comunicación"
Analista Inteligencia de Negocios,Banco Bolivariano,"Guayaquil, Guayas",,,tiempo completo,Analista de Datos,"python, sql, azure, excel, power bi, power platform, business intelligence","resolución de problemas, responsabilidad, pensamiento crítico, atención al detalle, comunicación"
ANALISTA DE TRADE MARKETING - QUITO,Eficacia,"Quito, Pichincha",,,tiempo completo,Analista de Datos,"excel, business intelligence, data analysis","resolución de problemas, aprendizaje continuo, pensamiento crítico, atención al detalle, comunicación"
ANALISTA DE TRADE MARKETING - GUAYAQUIL,Eficacia,"Guayaquil, Guayas",,,tiempo completo,Analista de Datos,"excel, business intelligence, data analysis","resolución de problemas, aprendizaje continuo, pensamiento crítico, atención al detalle, comunicación"
Analista de Procesos Junior,Ecuaquimica,"Guayaquil, Guayas",,,tiempo completo,Analista de Datos,"excel, power bi, erp, business intelligence, data analysis","trabajo en equipo, comunicación, resolución de problemas, orientación a resultados, aprendizaje continuo, proactividad, gestión del tiempo, responsabilidad"
Analista de Procesos Junior,Koneggui,"Quito, Pichincha",,,tiempo completo,Analista de Datos,"excel, power bi, erp, business intelligence, data analysis","trabajo en equipo, comunicación, resolución de problemas, orientación a resultados, aprendizaje continuo, proactividad, gestión del tiempo, responsabilidad"
ANALISTA FINANCIERO -QUITO,Lavca,"Quito, Pichincha",,,tiempo completo,Analista de Datos,"excel, business intelligence","trabajo en equipo, resolución de problemas, orientación a resultados, proactividad, gestión del tiempo"
Analista de Tecnología e Innovación Jr - Semi,FARMACIA Y BOTICA ALEMANACORP S.A.S.,"Quito, Pichincha",,,tiempo completo,Analista de Datos,"python, sql, aws, azure, power bi, business intelligence","liderazgo, aprendizaje continuo, creatividad"
Analista Inteligencia Artificial,Pintulac,"Quito, Pichincha",,,tiempo completo,Analista de Datos,"python, c++, aws, git, machine learning, business intelligence, data analysis","trabajo en equipo, comunicación, resolución de problemas, adaptabilidad, aprendizaje continuo, creatividad"
ANALISTA DE COMPRAS PÚBLICAS (AUTOMOTRIZ),Lavca,"Quito, Pichincha",,,tiempo completo,Analista de Datos,business intelligence,"trabajo en equipo, resolución de problemas, orientación a resultados, atención al detalle, proactividad, gestión del tiempo, negociación, planificación"
Analista de atracción de talento,Ecuaquimica,"Guayaquil, Guayas",,,tiempo completo,Analista de Datos,"aws, restful apis, scrum, machine learning, business intelligence","trabajo en equipo, liderazgo, orientación a resultados, aprendizaje continuo, atención al detalle, proactividad, creatividad, pensamiento crítico, responsabilidad"
Analista de Business Intelligence,Veolia,"Guayaquil, Guayas",,,tiempo completo,Analista de Datos,"sql, aws, restful apis, crm, machine learning, business intelligence, data analysis","trabajo en equipo, comunicación, resolución de problemas, orientación a resultados, aprendizaje continuo, creatividad, pensamiento crítico, responsabilidad"
ANALISTA ADMINISTRATIVO SENIOR,Supermercados Santa María,"Quito, Pichincha",,,tiempo completo,Analista de Datos,"excel, power bi, business intelligence, data analysis","resolución de problemas, atención al detalle, gestión del tiempo, pensamiento crítico"
Analista de Innovación y Tecnología Sistemas,FARMACIA Y BOTICA ALEMANACORP S.A.S.,"Quito, Pichincha",,,tiempo completo,Analista de Datos,"sql, excel, power bi, power platform, business intelligence","trabajo en equipo, creatividad, pensamiento crítico, atención al detalle, comunicación"
Analista Corporativo de Operaciones,SMI,"Duran, Guayas",,,tiempo completo,Analista de Datos,"excel, power bi, business intelligence","trabajo en equipo, liderazgo, resolución de problemas, orientación a resultados, aprendizaje continuo, atención al detalle, pensamiento crítico, negociación"
ANALISTA DE NÓMINA,Asesoría de Negocios y Consultoría An&C,"Quito, Pichincha",,,tiempo completo,Analista de Datos,"excel, business intelligence","adaptabilidad, aprendizaje continuo, gestión del tiempo, planificación, responsabilidad"
ANALISTA DE RESPUESTOS,Kia,"Quito, Pichincha",,,tiempo completo,Analista de Datos,"power bi, business intelligence","trabajo en equipo, resolución de problemas, orientación a resultados, atención al detalle, gestión del tiempo, planificación, responsabilidad"
ANALISTA BI,Epic Global Talents,"Quito, Pichincha",,,tiempo completo,Analista de Datos,"python, sql, scrum, devops, business intelligence","aprendizaje continuo, gestión del tiempo, responsabilidad"
Analista de compras,Promart,"Quito, Pichincha",,,tiempo completo,Analista de Datos,"excel, business intelligence","atención al detalle, gestión del tiempo, inglés avanzado, negociación, responsabilidad"
"Analista Comercial, Marketing y Fidelización",Grupo Ortiz,"Cuenca, Azuay",,,tiempo completo,Analista de Datos,data analysis,"resolución de problemas, pensamiento crítico, atención al detalle, comunicación"
Analista de bodega,Sedemi,Ecuador,,,tiempo completo,Analista de Datos,"excel, power bi, erp, business intelligence, data analysis","liderazgo, resolución de problemas, aprendizaje continuo, planificación"
Analista de Información,Jabonería Wilson,Ecuador,,,tiempo completo,Analista de Datos,"sql, restful apis, business intelligence, data analysis","trabajo en equipo, resolución de problemas, atención al detalle"
Analista de Certificación Agrícola - Cacao,Nestlé,Esmeraldas,,,tiempo completo,Analista de Datos,"excel, power bi, restful apis, machine learning, business intelligence","trabajo en equipo, liderazgo, atención al detalle, responsabilidad"
Analista Riesgo de Crédito - Campañas y Monitoreo,Banco Bolivariano,"Guayaquil, Guayas",,,tiempo completo,Analista de Datos,"python, sql, excel, power bi, business intelligence, data analysis","trabajo en equipo, resolución de problemas, orientación a resultados, aprendizaje continuo, atención al detalle, responsabilidad"
Analista Senior Riesgo de Crédito - Metodológico y Modelos,Banco Bolivariano,"Guayaquil, Guayas",,,tiempo completo,Analista de Datos,"python, sql, excel, power bi, business intelligence, data analysis","trabajo en equipo, comunicación, resolución de problemas, orientación a resultados, aprendizaje continuo, responsabilidad"
ANALISTA DE INFORMACION JR,Sherwin-Williams,"Quito, Pichincha",600,,tiempo completo,Analista de Datos,No especificado,"responsabilidad, pensamiento crítico, atención al detalle, comunicación"
Analista Comercial,Corporación Farmacéutica FC,"Samborondón, Guayas",,,tiempo completo,Analista de Datos,"excel, crm, business intelligence, data analysis","trabajo en equipo, comunicación, resolución de problemas, orientación a resultados, gestión del tiempo, pensamiento crítico, planificación, responsabilidad"
Analista Funcional ERP,Modern Talent Hub,"Quito, Pichincha",,,tiempo completo,Analista de Datos,"excel, erp, machine learning, business intelligence, data analysis","resolución de problemas, aprendizaje continuo, responsabilidad"
Analista de Sistemas - Infraestructura y Redes,GRUPO SEMAAN,"Quito, Pichincha",,,tiempo completo,Analista de Datos,"sql, linux, windows","trabajo en equipo, comunicación, resolución de problemas, inglés avanzado"
Analista de compras Horario de oficina,Promart,"Quito, Pichincha",470,,tiempo completo,Analista de Datos,"sql, excel, erp, business intelligence","trabajo en equipo, comunicación, resolución de problemas, atención al detalle, gestión del tiempo, pensamiento crítico, negociación, planificación"
ANALISTA DE CRÉDITO,Cooperativa 29 de Octubre,"Quito, Pichincha",,,tiempo completo,Analista de Datos,No especificado,"resolución de problemas, pensamiento crítico, atención al detalle, comunicación"
Analista de Cuentas por Cobrar,Condelpi,"Quito, Pichincha",,,tiempo completo,Analista de Datos,"excel, business intelligence","atención al detalle, pensamiento crítico, responsabilidad"
Analista Route To Market,Netlife,"Quito, Pichincha",,,tiempo completo,Analista de Datos,"business intelligence, data analysis","trabajo en equipo, comunicación, resolución de problemas, atención al detalle, gestión del tiempo, responsabilidad"
Analista Comercial,Grupo Pálmon,"Guayaquil, Guayas",,,tiempo completo,Analista de Datos,"excel, machine learning, business intelligence, data analysis","trabajo en equipo, comunicación, resolución de problemas, atención al detalle, proactividad, gestión del tiempo, servicio al cliente, responsabilidad"
Analista De Marketing,Centric Ecuador,"Quito, Pichincha",,,tiempo completo,Analista de Datos,"git, crm, business intelligence","trabajo en equipo, comunicación, liderazgo, orientación a resultados, aprendizaje continuo, responsabilidad"
Analista De Infraestructura,Grupo Consenso,"Guayaquil, Guayas",,,tiempo completo,Analista de Datos,"sql, linux, windows","resolución de problemas, pensamiento crítico, atención al detalle, comunicación"
Analista De Marketing,Epic Global Talents,"Guayaquil, Guayas",,,tiempo completo,Analista de Datos,"restful apis, erp, business intelligence","liderazgo, resolución de problemas, creatividad, pensamiento crítico"
Analista De Merchandising Y Planograma,Essity,"Portoviejo, Manabí",,,tiempo completo,Analista de Datos,"c++, restful apis, machine learning, business intelligence, data analysis","trabajo en equipo, comunicación, liderazgo, resolución de problemas, adaptabilidad, gestión del tiempo, creatividad, responsabilidad"
Analista Operativo De Bodega,Pronaca,"Quito, Pichincha",500,,tiempo completo,Analista de Datos,"excel, power bi, business intelligence","comunicación, atención al detalle, pensamiento crítico"
Analista Programacion De La Produccion,Lamosan,"Quito, Pichincha",,,tiempo completo,Analista de Datos,"erp, business intelligence, data analysis","trabajo en equipo, comunicación, liderazgo, resolución de problemas, adaptabilidad, orientación a resultados, aprendizaje continuo, atención al detalle, gestión del tiempo, pensamiento crítico, responsabilidad"
Analista De Marketing Canal B2B,Epic Global Talents,"Guayaquil, Guayas",,,tiempo completo,Analista de Datos,"c++, git, excel, crm, data analysis","trabajo en equipo, comunicación, resolución de problemas, orientación a resultados, proactividad, creatividad, pensamiento crítico, gestión de proyectos"
Analista,Epic Global Talents,"Quito, Pichincha",,,tiempo completo,Analista de Datos,"sql, crm, business intelligence","trabajo en equipo, liderazgo, aprendizaje continuo, atención al detalle, proactividad, gestión del tiempo, servicio al cliente, responsabilidad"
Analista De Marketing Digital,Centric Ecuador,"Quito, Pichincha",650,,tiempo completo,Analista de Datos,"crm, business intelligence, data analysis","trabajo en equipo, comunicación, resolución de problemas, proactividad, gestión del tiempo, creatividad, pensamiento crítico, responsabilidad"
Vacant Job Positions: Analista De Trabajo Social,Mapfre,Ecuador,,,tiempo completo,Analista de Datos,"excel, restful apis, erp, teams, zoom, business intelligence","trabajo en equipo, comunicación, adaptabilidad, orientación a resultados, atención al detalle, gestión del tiempo, creatividad, responsabilidad"
Analista De Sistemas Y Soporte Técnico,Mapfre,"Guayaquil, Guayas",,,tiempo completo,Analista de Datos,"business intelligence, data analysis","trabajo en equipo, liderazgo, resolución de problemas, aprendizaje continuo"
Analista De Ti Y Business Intelligence,Eurofert Ecuador,"Quito, Pichincha",,,tiempo completo,Analista de Datos,"sql, git, excel, power bi, erp, business intelligence","trabajo en equipo, comunicación, liderazgo, resolución de problemas, gestión del tiempo"
Analista Qa,Sipecom S.A.,"Guayaquil, Guayas",,,tiempo completo,Analista de Datos,"sql, jmeter, erp, crm, business intelligence, pruebas manuales, pruebas automatizadas, casos de prueba, control de calidad","trabajo en equipo, resolución de problemas, atención al detalle, creatividad, responsabilidad"
Analista Programador,Alpha Builders,"Quito, Pichincha",,,tiempo completo,Analista de Datos,"java, javascript, python, c++, html/css, sql, flutter, aws, git, erp, linux, machine learning, business intelligence, desarrollo web, desarrollo móvil, programación, desarrollo de software","trabajo en equipo, resolución de problemas, orientación a resultados, aprendizaje continuo, atención al detalle, gestión del tiempo, creatividad, pensamiento crítico"
Analista De Ventas,ChevyPlan,Ecuador,,,tiempo completo,Analista de Datos,"git, scrum, erp, business intelligence","trabajo en equipo, comunicación, resolución de problemas, orientación a resultados, atención al detalle, proactividad, gestión del tiempo, planificación, responsabilidad"
Analista De Sistema,Urbano Express Ecuador,"Quito, Pichincha",,,tiempo completo,Analista de Datos,"java, sql, business intelligence","pensamiento crítico, atención al detalle, comunicación"
Analista De Auditoría,Grupo Lbi Ecuador,"Quito, Pichincha",,,tiempo completo,Analista de Datos,"excel, business intelligence","resolución de problemas, atención al detalle, gestión del tiempo, responsabilidad"
Analista De Planeación De La Demanda,Bimbo,"Guayaquil, Guayas",,,tiempo completo,Analista de Datos,"c++, sql, excel, power bi, erp, business intelligence","trabajo en equipo, liderazgo, aprendizaje continuo, inglés avanzado, planificación, responsabilidad"
Analista De Mesa De Servicio,Banco Internacional Ecuador,"Quito, Pichincha",,,tiempo completo,Analista de Datos,"sql, crm, windows, business intelligence","trabajo en equipo, liderazgo, aprendizaje continuo, atención al detalle, proactividad, gestión del tiempo, servicio al cliente, responsabilidad"
Analista De Siniestros-Patrimoniales Eventual,Mapfre,"Guayaquil, Guayas",,,tiempo completo,Analista de Datos,"restful apis, business intelligence","trabajo en equipo, resolución de problemas, orientación a resultados, atención al detalle, gestión del tiempo, creatividad, servicio al cliente"
Analista De Reclamaciones Y Siniestros,Mapfre,"Guayaquil, Guayas",,,tiempo completo,Analista de Datos,"excel, erp, business intelligence","comunicación, resolución de problemas, pensamiento crítico, negociación"
Analista De Ventas,Servier,"Quito, Pichincha",,,tiempo completo,Analista de Datos,"excel, business intelligence","trabajo en equipo, comunicación, resolución de problemas, orientación a resultados, aprendizaje continuo, atención al detalle, proactividad, gestión del tiempo, planificación, responsabilidad"
Analista De Planificación De Venta Y Facturación,ChevyPlan,"Guayaquil, Guayas",,,tiempo completo,Analista de Datos,"business intelligence, data analysis","trabajo en equipo, resolución de problemas, orientación a resultados, atención al detalle, planificación, responsabilidad"
Analista De Información Comercial,Grupo Lucky Ecuador,"Guayaquil, Guayas",,,tiempo completo,Analista de Datos,"excel, erp, business intelligence, data analysis","trabajo en equipo, comunicación, resolución de problemas, orientación a resultados, gestión del tiempo, pensamiento crítico, responsabilidad"
Analista De Inventario,Adium,"Quito, Pichincha",,,tiempo completo,Analista de Datos,"excel, machine learning, business intelligence, data analysis","trabajo en equipo, resolución de problemas, atención al detalle, pensamiento crítico, responsabilidad"
Analista Senior De Finanzas Manufacturig And Supply Chain,Cargill,"Balao, Guayas",,,tiempo completo,Analista de Datos,"excel, power bi, erp, machine learning, business intelligence","trabajo en equipo, comunicación, liderazgo, resolución de problemas, orientación a resultados, aprendizaje continuo, atención al detalle, pensamiento crítico, inglés avanzado, planificación, responsabilidad"
Analista De Compras Y Adquisiciones,Promart,"Quito, Pichincha",,,tiempo completo,Analista de Datos,"erp, business intelligence","trabajo en equipo, comunicación, resolución de problemas, orientación a resultados, proactividad, gestión del tiempo, negociación, responsabilidad"
Analista De Compras,Promart,"Quito, Pichincha",,,tiempo completo,Analista de Datos,"excel, erp, business intelligence","trabajo en equipo, comunicación, orientación a resultados, aprendizaje continuo, atención al detalle, proactividad, gestión del tiempo, pensamiento crítico, inglés avanzado, negociación, planificación, responsabilidad"
Analista Senior,Importador Ferretero Trujillo,"Quito, Pichincha",,,tiempo completo,Analista de Datos,"python, c++, sql, azure, power bi, restful apis, erp, crm, machine learning, business intelligence","trabajo en equipo, comunicación, liderazgo, resolución de problemas, aprendizaje continuo, gestión del tiempo, pensamiento crítico, responsabilidad"
Analista De Cobranzas-Guayaquil,Gestalt,"Guayaquil, Guayas",,,tiempo completo,Analista de Datos,"sql, excel, erp, business intelligence, data analysis","resolución de problemas, orientación a resultados, gestión del tiempo, pensamiento crítico, negociación, responsabilidad"
Analista De Logistica Inversa,Incarpalm,"Machala, El Oro",,,tiempo completo,Analista de Datos,"c++, react, excel, restful apis, business intelligence","trabajo en equipo, comunicación, resolución de problemas, adaptabilidad, aprendizaje continuo, gestión del tiempo, responsabilidad"
Analista Comercial Eureka,Hanaska,"Quito, Pichincha",,,tiempo completo,Analista de Datos,"sql, excel, power bi, erp, business intelligence","trabajo en equipo, comunicación, liderazgo, resolución de problemas, orientación a resultados, atención al detalle, gestión del tiempo, pensamiento crítico, servicio al cliente, responsabilidad"
Analista De Investigación,Puntonet,"Quito, Pichincha",,,tiempo completo,Analista de Datos,"excel, power bi, business intelligence, data analysis","trabajo en equipo, resolución de problemas, aprendizaje continuo, proactividad, creatividad"
Analista De Portales,Epic Global Talents,"Quito, Pichincha",,,tiempo completo,Analista de Datos,"java, react, git, business intelligence","trabajo en equipo, liderazgo, resolución de problemas, adaptabilidad, aprendizaje continuo, atención al detalle, proactividad, gestión del tiempo, inglés avanzado, responsabilidad"
Analista De Costos Gye,Reybanpac,"Guayaquil, Guayas",,,tiempo completo,Analista de Datos,"power bi, business intelligence, data analysis","resolución de problemas, orientación a resultados, pensamiento crítico"
Analista De Aseguramiento De La Calidad De Software,Viamatica,"Guayaquil, Guayas",,,tiempo completo,Analista de Datos,"sql, jmeter, erp, crm, business intelligence, pruebas manuales, pruebas automatizadas, casos de prueba, control de calidad","trabajo en equipo, resolución de problemas, atención al detalle, creatividad, responsabilidad"
Ec. Analista Compras Tecnología,Movistar Ecuador,"Quito, Pichincha",,,tiempo completo,Analista de Datos,"excel, machine learning, business intelligence","trabajo en equipo, comunicación, liderazgo, orientación a resultados, aprendizaje continuo, atención al detalle, proactividad, gestión del tiempo, pensamiento crítico, inglés avanzado, negociación"
Ec. Analista Administración De Ventas,Servier,"Quito, Pichincha",,,tiempo completo,Analista de Datos,"c++, sql, excel, power bi, erp, machine learning, business intelligence","trabajo en equipo, orientación a resultados, proactividad, planificación"
Analista Junior De Laboratorio De Alimentos,SGS,"Guayaquil, Guayas",,,tiempo completo,Analista de Datos,"c++, react, erp, business intelligence","trabajo en equipo, liderazgo, resolución de problemas, orientación a resultados, aprendizaje continuo, atención al detalle, proactividad, responsabilidad"
Analista Administrativo,Eficacia,"Guayaquil, Guayas",,,tiempo completo,Analista de Datos,"c++, business intelligence","trabajo en equipo, atención al detalle, gestión del tiempo, responsabilidad"
Analista Junior De Data Maestra,Markup®,"Quito, Pichincha",,,tiempo completo,Analista de Datos,"git, excel, business intelligence, data analysis","liderazgo, resolución de problemas, aprendizaje continuo, gestión del tiempo, mentoría, responsabilidad"
Analista De Aseguramiento De La Calidad De Software,SoftwareOne,"Quito, Pichincha",700,,tiempo completo,Analista de Datos,"sql, git, jira, selenium, cypress, restful apis, scrum, ci/cd, business intelligence, pruebas manuales, pruebas automatizadas, casos de prueba, control de calidad, test automation","trabajo en equipo, comunicación, resolución de problemas, aprendizaje continuo, atención al detalle, proactividad, responsabilidad"
Ec- Analista De Gestión Comercial Jr- Quito,Sherwin-Williams,"Quito, Pichincha",,,tiempo completo,Analista de Datos,"sql, excel, erp, business intelligence, data analysis","trabajo en equipo, comunicación, resolución de problemas, adaptabilidad, orientación a resultados, aprendizaje continuo, atención al detalle, proactividad, gestión del tiempo, creatividad, pensamiento crítico, inglés avanzado"
Analista De Calidad De Energía,Viamatica,"Guayaquil, Guayas",,,tiempo completo,Analista de Datos,"excel, business intelligence, data analysis, casos de prueba, control de calidad","trabajo en equipo, comunicación, resolución de problemas, aprendizaje continuo, atención al detalle, gestión del tiempo, responsabilidad"
Analista De Servicio Técnico,Importador Ferretero Trujillo,"Quito, Pichincha",,,tiempo completo,Analista de Datos,"c#, sql, azure, excel, restful apis, scrum, erp, windows, business intelligence, data analysis","trabajo en equipo, comunicación, resolución de problemas, atención al detalle, proactividad, gestión del tiempo, gestión de proyectos, responsabilidad"
Analista De Marketing,Centric Ecuador,"Quito, Pichincha",,,tiempo completo,Analista de Datos,"git, excel, restful apis, business intelligence, data analysis","trabajo en equipo, resolución de problemas, orientación a resultados, proactividad, gestión del tiempo, creatividad, responsabilidad"
Analista De Operaciones,Prosegur,"Quito, Pichincha",,,tiempo completo,Analista de Datos,"excel, business intelligence","orientación a resultados, atención al detalle, responsabilidad"
Analista Comercial Y Trademarketing,Modo In Melius,Ecuador,,,tiempo completo,Analista de Datos,"excel, machine learning, business intelligence, data analysis","trabajo en equipo, resolución de problemas, adaptabilidad"
Analista De Logística De Cuentas Claves,Ups Healthcare,Ecuador,,,tiempo completo,Analista de Datos,"excel, erp, business intelligence, data analysis","trabajo en equipo, comunicación, resolución de problemas, aprendizaje continuo, atención al detalle, inglés avanzado, negociación"
Analista Jr De Inventario,Adium,Ecuador,,,tiempo completo,Analista de Datos,"excel, power bi, business intelligence, data analysis","liderazgo, resolución de problemas, orientación a resultados, planificación"
Analista De Infraestructura Ti,Hitss Ecuador,Ecuador,,,tiempo completo,Analista de Datos,"python, sql, docker, git, excel, restful apis, devops, linux, windows, macos, business intelligence","trabajo en equipo, comunicación, resolución de problemas, proactividad, gestión del tiempo, gestión de proyectos, responsabilidad"
Quality Control Analyst,Grünenthal,"Quito, Pichincha",,,tiempo completo,Analista de Datos,"react, excel, erp, business intelligence, casos de prueba, control de calidad","trabajo en equipo, liderazgo, resolución de problemas, orientación a resultados, atención al detalle, gestión del tiempo, creatividad, inglés avanzado, responsabilidad"
Especialista en Marketing Digital,BGR,"Quito, Pichincha",,,tiempo completo,Analista de Datos,"git, power bi, crm, business intelligence","orientación a resultados, gestión del tiempo"
Especialista en Marketing Digital,Banco General Rumiñahui,"Quito, Pichincha",,,tiempo completo,Analista de Datos,"git, excel, power bi, crm, business intelligence","trabajo en equipo, orientación a resultados, gestión del tiempo, creatividad, responsabilidad"
COORDINADOR DE INFORMACIÓN TERRITORIAL,cbc,"Guayaquil, Guayas",,,tiempo completo,Analista de Datos,"c++, sql, excel, scrum, business intelligence","trabajo en equipo, resolución de problemas, adaptabilidad, atención al detalle, creatividad, pensamiento crítico"
Data Analytics Teaching Experts LATAM,TripleTen,"Quito, Pichincha",700,,tiempo parcial,Analista de Datos,"python, sql, git, excel, miro, notion, discord, zoom, business intelligence","trabajo en equipo, comunicación, resolución de problemas, adaptabilidad, aprendizaje continuo, atención al detalle, gestión del tiempo, inglés avanzado, mentoría"
Part-Time Data Science Tutor LATAM,TripleTen,"Quito, Pichincha",200,,tiempo parcial,Analista de Datos,"python, sql, git, excel, miro, notion, zoom, business intelligence","trabajo en equipo, comunicación, liderazgo, adaptabilidad, orientación a resultados, aprendizaje continuo, gestión del tiempo, inglés avanzado, mentoría"
Data Science Teaching Experts LATAM,TripleTen,"Quito, Pichincha",700,,tiempo parcial,Analista de Datos,"python, aws, git, miro, notion, discord, zoom, machine learning, business intelligence, data analysis, ux/ui","trabajo en equipo, comunicación, resolución de problemas, adaptabilidad, aprendizaje continuo, atención al detalle, gestión del tiempo, inglés avanzado, mentoría"
Planificador/a SAP,Nirsa,Guayas,,,tiempo completo,Analista de Datos,"aws, business intelligence","trabajo en equipo, orientación a resultados, aprendizaje continuo, proactividad, gestión del tiempo, planificación, responsabilidad"
ESPECIALISTA DE RIESGO DE CREDITO,Cooperativa Policia Nacional,"Quito, Pichincha",,,tiempo completo,Analista de Datos,"excel, power bi, restful apis, business intelligence","comunicación, resolución de problemas, proactividad, gestión del tiempo, creatividad, pensamiento crítico"
Redes Sociales,Grupo Pálmon,"Guayaquil, Guayas",,,tiempo completo,Analista de Datos,git,"comunicación, resolución de problemas, orientación a resultados, planificación, responsabilidad"
ASISTENTE CONTABLE,Logistica Segura S.A.S,"Guayaquil, Guayas",550,,tiempo completo,Analista de Datos,"c++, excel, erp, business intelligence","trabajo en equipo, resolución de problemas, atención al detalle, gestión del tiempo, inglés avanzado, planificación"
Coordinador/a de Abastecimiento de Materiales,Zitro Consulting,"Quito, Pichincha",,,tiempo completo,Analista de Datos,"excel, erp, machine learning, business intelligence, data analysis","trabajo en equipo, comunicación, liderazgo, resolución de problemas, adaptabilidad, atención al detalle, gestión del tiempo, pensamiento crítico, inglés avanzado, negociación, planificación, responsabilidad"
Asistente de Planificación de Recursos Portuarios,Agripac,"Guayaquil, Guayas",,,tiempo completo,Analista de Datos,"excel, data analysis","resolución de problemas, planificación"
ESPECIALISTA DE RIESGO DE CREDITO,CPN,"Quito, Pichincha",,,tiempo completo,Analista de Datos,"excel, power bi, restful apis, scrum, business intelligence","trabajo en equipo, comunicación, resolución de problemas, orientación a resultados, atención al detalle, proactividad, gestión del tiempo, creatividad, pensamiento crítico"
Ingeniero De Software Pl/Sql,Agrosoft Latam,"Guayaquil, Guayas",,,tiempo completo,Analista de Datos,"c++, sql, business intelligence","trabajo en equipo, atención al detalle, pensamiento crítico, responsabilidad"
Becario De Contabilidad Financiera,Grupo Vilaseca,"Guayaquil, Guayas",,,tiempo completo,Analista de Datos,No especificado,No especificado
Inventory Analyst,Compuauto,"Cuenca, Azuay",,,tiempo completo,Analista de Datos,"erp, machine learning, business intelligence, data analysis","trabajo en equipo, comunicación, resolución de problemas, atención al detalle, gestión del tiempo, responsabilidad"
Especialista De Seguridad De La Información,Grupo Ortiz,"Cuenca, Azuay",,,tiempo completo,Analista de Datos,business intelligence,"proactividad, gestión del tiempo"
Especialista Monitoreo Transaccional Remoto Latam,Sofka Technologies,"Quito, Pichincha",,,tiempo completo,Analista de Datos,"sql, excel, power bi, machine learning, business intelligence, data analysis","trabajo en equipo, resolución de problemas, aprendizaje continuo, atención al detalle, proactividad, gestión del tiempo, creatividad, pensamiento crítico, mentoría, responsabilidad"
Especialista En Contracargos Remoto Latam,Sofka Technologies,"Quito, Pichincha",,,tiempo completo,Analista de Datos,"sql, excel, power bi, erp, machine learning, business intelligence, data analysis","trabajo en equipo, resolución de problemas, orientación a resultados, aprendizaje continuo, atención al detalle, proactividad, gestión del tiempo, pensamiento crítico, mentoría, servicio al cliente, responsabilidad"
