index,pagina,titulo,empresa,ubicacion,salario,tipo_contrato,modalidad,descripcion
1,1,Desarrollador - job post,Centella Talent,"Guayaquil, Provincia del Guayas",,Tiempo completo,,"Funciones: Recolectar información para desarrollar y/o mantener las aplicaciones. Orientar a los usuarios en el manejo de los sistemas implantados. Evaluar software desarrollado por terceros. Documentar las aplicaciones y/o trabajos realizados según los estándares establecidos. Coordinar el plan de trabajo conjuntamente con el superior inmediato. Utilizar, resguardar y mantener la confidencialidad de la información suministrada por la organización Implementar formatos de Control y de verificación que aseguren entregar los requerimientos implementados con calidad de servicio. Coordinar con O & M la entrega de manuales e instructivos de proyectos opciones de cambio realizados. Requisitos: Ingeniero en Informática, Administración o carreras afines. Experiencia: 2 a 4 años de experiencia. Conocimientos: Herramientas de análisis, diseño y de aplicaciones informáticas. Estructura de datos ERP. Lenguajes de programación visual.net. Alta experiencia en implementación de proyectos informáticos preferiblemente en sistemas de producción."
3,1,Desarrollador Full Stack Semi Senior - job post,.forEach,"Quito, Provincia de Pichincha",,Tiempo completo,Remoto,"Únete a ForEach y forma parte de la transformación digital Somos una Startup con grandes ambiciones de crecimiento. Nos especializamos en diseñar y desarrollar software y soluciones tecnológicas a medida, en base a las necesidades específicas de cada cliente, con el objetivo foco en la calidad y el servicio al cliente. Estamos en la búsqueda de un/a Desarrollador FullStack Semi Senior para unirse a un equipo dinámico en una empresa especializada en el desarrollo de software a medida que incluye tanto aplicaciones web, aplicaciones móviles y servicios web. Objetivo del Cargo: Desarrollar e implementar soluciones de software a medida para empresas de diversas industrias, abarcando desde el levantamiento funcional hasta la entrega y mantenimiento del producto. El rol asegura la integración eficiente entre frontend y backend, aplicando buenas prácticas, optimización del rendimiento y garantizando productos escalables y alineados con las necesidades del cliente. Requisitos: Experiencia: 2 a 5 años en roles similares. Formación académica: Ingeniería Informática o carreras afines. Se considerarán personas con formación Técnica o bootcamps. Stack Tecnológico:Lenguajes: JavaScript (ES6+), TypeScript Frameworks: React, Node.js, Express Bases de datos: SQL (PostgreSQL, MySQL, entre otras.) Control de versiones: GIT (manejo de repositorios y flujos de trabajo como GitFlow) UI: Conocimiento en librerías de UI como Material UI, Chakra UI, entre otras Gestión de Proyectos: Herramientas como ClickUp para la planificación y seguimiento de tareas. DeseablesFrameworks y Librerías: FastAPI, Next.js, React Native (Expo y React-Native-CLI) Bases de Datos: MongoDB, Experiencia manejando ORM (Prisma, Sequelize, Mongoose, entre otros) Servicios Cloud: Experiencia con plataformas como Digital Ocean, AWS o servicios similares Contenedores y Virtualización: Docker Herramientas de Desarrollo: Familiaridad con formateadores y linters (ESLint, Prettier) Modalidad: Trabajo 100% remoto, 40 horas semanales. Valor Añadido: Capacitaciones, día de cumpleaños libre, flexibilidad horaria. Si cumples con los requisitos y estás interesado/a en formar parte de este desafío, envía tu CV a ps.luciano.rojas@gmail.com con el asunto “Desarrollador FullStack Senior”. No olvides incluir tus pretensiones de renta.¡Esperamos tu postulación! Tipo de puesto: Tiempo completo Pregunta(s) de postulación: ¿Cuáles son tus pretensiones de renta?"
4,1,Ingenieros de Software | ECU - job post,Sofka,"Quito, Provincia de Pichincha",,Tiempo completo,Presencial,"Esta no es una vacante convencional Sofka Talent Day – Ecuador Estás a punto de postularte a una experiencia única: Un evento presencial exclusivo para perfiles TI seleccionados. Si tu perfil se alinea con esta vacante, tendrás la oportunidad de: Participar en un proceso corto virtual (reto técnico y/o entrevista técnica) Y si avanzas, serás invitado/a a una jornada presencial en Quito Con charlas, entrevistas en vivo y conexión directa con nuestra cultura ¿Quieres vivir Sofka desde adentro? Sigue leyendo y postúlate. ¡Esta experiencia puede ser para ti! ¿Qué buscamos? Estamos buscando un Desarrollador/a de Software SSR con experiencia en entornos ágiles y enfoque en mejora continua del Ciclo de Desarrollo de Software, capaz de diseñar, implementar y optimizar soluciones robustas para el Banco, alineadas a los estándares y lineamientos establecidos Lo que harás: Desarrollar sistemas, aplicaciones y soluciones cumpliendo lineamientos y estándares. Realizar revisiones de código en pares y fomentar buenas prácticas. Definir e implementar pruebas tempranas y automatizaciones. Asegurar la correcta estimación, definición y refinamiento de Historias de Usuario. Cumplir con criterios funcionales y no funcionales garantizando calidad y tiempos de entrega. Implementar soluciones bajo políticas y lineamientos de COEs, Chapters y áreas responsables. Asegurar que las aplicaciones pasen todas las etapas del ciclo de desarrollo y lleguen a producción. Resolver incidencias y corregir defectos en entornos productivos y no productivos. Proponer soluciones innovadoras para optimizar procesos y prácticas del ciclo de desarrollo. Generar documentación técnica según lineamientos del Chapter. Lo que buscamos en ti: Experiencia: 3 a 5 años en desarrollo de software, trabajando en entornos ágiles (Scrum/Kanban). Conocimientos sólidos en: Metodologías y herramientas: JIRA, Confluence, Microsoft Copilot. Programación: Principios SOLID, POO, programación funcional (teórica y práctica). Patrones: Diseño, arquitectura de software (MVC, Hexagonal) y aplicaciones (microservicios - deseable). Pruebas: TDD, pirámide de pruebas, automatización de APIs (Karate), pruebas unitarias, integración (deseable). DevOps: CI/CD (preferible Azure DevOps), contenedores (Docker), versionamiento (GIT), Kubernetes (teórico). Seguridad: Prácticas de codificación segura y conceptos básicos. Cloud: Desarrollo en nube (Azure, AWS). SRE: Principios y prácticas fundamentales. Tecnologías y herramientas: Backend: Java/SpringBoot, .NET, Python, Go Frontend: Angular, React, React Native, Flutter Bases de datos: Postgres, MySQL, MongoDB, Redis Infraestructura: Docker, Kubernetes, OpenShift, Kafka Cloud: Azure, AWS, Google Cloud Monitoreo: Dynatrace Condiciones Contrato a término indefinido ¡Queremos relaciones a largo plazo y que seas parte de nuestra familia por mucho tiempo! ¿Buscas crecimiento profesional? En Sofka, te ofrecemos un ecosistema de aprendizaje con múltiples herramientas para cerrar brechas y potenciar tus habilidades. ¡Tú decides cómo quieres crecer!"
5,1,Desarrollador Backend NestJS Semisenior - job post,Sofka,"Quito, Provincia de Pichincha",,Tiempo completo,,"¿Estás buscando nuevos desafíos y un lugar donde puedas disfrutar de un ambiente cercano mientras aprendes constantemente? ¡Bienvenido a un equipo con un propósito claro: ""TRANSFORMAR la vida de las personas siendo el aliado TECNOLÓGICO más confiable""! ¡Prepárate y únete a esta aventura! ¿Qué encontrarás? Retos técnicos y personales que te mantendrán en constante crecimiento. Un equipo conectado, enfocado en tu bienestar físico y mental. Cultura de mejora continua, fresca y colaborativa, con oportunidades de aprendizaje y gente dispuesta a apoyarte. KaizenHub, un programa diseñado para potenciar tus talentos, con feedback, mentorías y coaching a través de Sofka U. ¡Será un reto y un juego a la vez! Programas como Happy Kaizen y WeSofka que cuidan tu bienestar físico y emocional. ¿Qué buscamos? Un Desarrollador Backend Semi Senior apasionado por crear soluciones escalables y de alto rendimiento. Será responsable de diseñar, implementar y mantener servicios backend eficientes, colaborando estrechamente con equipos de frontend, QA y producto, y asegurando calidad técnica en cada entrega. Responsabilidades principales: Diseñar, desarrollar y mantener servicios backend escalables usando NestJS + TypeScript. Implementar arquitecturas limpias y patrones como Clean Architecture, DDD y CQRS. Integrar y optimizar comunicación asíncrona con RabbitMQ o Kafka. Orquestar servicios con Kubernetes y asegurar disponibilidad en AWS. Realizar revisiones de código y aplicar estándares de calidad. Implementar reglas de inspección en pipelines CI/CD. Analizar y resolver problemas técnicos complejos, incluyendo desempeño y escalabilidad. Colaborar con el equipo para alinear las soluciones con la visión del producto y las necesidades del negocio. Requisitos: Formación: Ingeniero de sistemas o carreras afines. Experiencia: Más de 3 años como desarrollador Backend con dominio de NestJS + TypeScript. Conocimientos avanzados en Rest Services, microservicios y servicios web. Experiencia en AWS (CloudWatch u otros), Azure (deseable). Sólida base en Programación Orientada a Objetos y Programación Funcional. Dominio de conceptos como escalabilidad, resiliencia, disponibilidad y concurrencia. Conocimientos técnicos prioritarios: Frameworks: NestJS + TypeScript. Infraestructura y despliegue: Kubernetes, AWS. Mensajería: RabbitMQ, Kafka. Arquitectura: Clean Architecture, DDD, CQRS. Testing y calidad: Revisiones de código, pipelines CI/CD. ¡PRESENTATE y sé parte de esta historia! Condiciones Contrato a término indefinido ¡Queremos relaciones a largo plazo y que seas parte de nuestra familia por mucho tiempo! ¿Buscas crecimiento profesional? En Sofka, te ofrecemos un ecosistema de aprendizaje con múltiples herramientas para cerrar brechas y potenciar tus habilidades. ¡Tú decides cómo quieres crecer! Ubicación: Ecuador"
6,1,Instructor de Desarrollo Web LATAM - job post,TripleTen,Desde casa,,Tiempo completo,Presencial,"TripleTen es el bootcamp #1 en EE. UU. y LATAM que empodera a las personas, sin importar su experiencia previa, para embarcarse en el emocionante y desafiante camino de dominar profesiones tecnológicas. Nuestros bootcamps se enfocan en capacitar a los estudiantes en ingeniería de software, ciencia de datos, analítica de inteligencia de negocios y QA engineering de una manera accesible y viable, llevándolos finalmente a prosperar en una nueva carrera. Nuestra misión es garantizar que cada estudiante tenga la oportunidad de dominar con éxito una nueva profesión, encontrar su propósito y convertirse en un miembro valioso de la industria tecnológica. Para el programa de Desarrollo Web, estamos buscando un/a ingeniero/a de software con experiencia para apoyar el proceso educativo de nuestros estudiantes y ayudarlos a convertirse exitosamente en profesionales. Requirements: Más de 2 años de experiencia laboral como desarrollador/a web. Conocimiento experto en HTML, CSS, JavaScript, Git, React, Webpack, Node.js y Express.js. Disponibilidad de al menos 12 a 15 horas semanales para dedicar a tus estudiantes. La participación en bootcamps es una ventaja para nuestros candidatos. Inglés intermedio, portugués fluido. Flexibilidad en horario durante el día, de acuerdo la demanda de los estudiantes. Haber participado en bootcamps se considera una ventaja. What you will do: Como instructor(a), tu misión es ayudar a los estudiantes a resolver todas sus dudas sobre el contenido del Bootcamp y apoyarlos con los ejercicios y proyectos. Podrás asistirlos a través de Discord en canales escritos y de voz. Principales tareas relacionadas con los estudiantes: Liderar sesiones en el espacio de Co-learning de WD, que es un canal de voz disponible para estudiantes de todas las cohortes y diferentes niveles de conocimiento, donde los estudiantes pueden hacer consultas, compartir pantalla y resolver dudas. Responder las preguntas escritas de los estudiantes en los canales de Discord, en un máximo de 6 horas (al menos 2 horas por día). What we can offer you: Capacidad para enseñar a los estudiantes mientras desempeñas tu trabajo principal. Base salarial: $200 USD al mes, que cubre onboarding, reuniones, preparación de sesiones, y respuestas a dudas en canales de Discord. Pago por hora: Sesión co-learning, $12 USD. Aproximadamente $400–$900 USD al mes (o más, dependiendo de las horas que dediques a T), mientras generas un impacto real en los estudiantes. Experiencia intercultural: Forma parte de un equipo internacional y conecta con estudiantes de diversos contextos. Impacto significativo: Comparte tu conocimiento y ayuda a otros a iniciar su carrera en tecnología. Participación en nuevos proyectos: Contribuye a mejorar la experiencia educativa de los estudiantes. Crecimiento profesional: Recibe retroalimentación para seguir desarrollándote como educador. Una oficina digital cómoda. Utilizamos herramientas digitales modernas — Miro, Notion, Zoom, etc. — para que el trabajo en conjunto sea fluido."
8,1,Part-time Data Science Code Reviewer LATAM - job post,TripleTen,Desde casa,,Tiempo completo,Presencial,"TripleTen es el bootcamp #1 en EE. UU. y LATAM que empodera a las personas, sin importar su experiencia previa, para embarcarse en el emocionante y desafiante camino de dominar profesiones tecnológicas. Nuestros bootcamps se enfocan en capacitar a los estudiantes en ingeniería de software, ciencia de datos, analítica de inteligencia de negocios y QA engineering de una manera accesible y viable, llevándolos finalmente a prosperar en una nueva carrera. Nuestra misión es garantizar que cada estudiante tenga la oportunidad de dominar con éxito una nueva profesión, encontrar su propósito y convertirse en un miembro valioso de la industria tecnológica. A quién buscamos: Para el programa de Ciencia de Datos, estamos buscando un/a científico/a de datos con experiencia para revisar los proyectos individuales de nuestros estudiantes y ayudarlos a convertirse exitosamente en profesionales. Por favor, envía todos los currículums o CVs en inglés. Ten en cuenta que, después de postularte a esta posición, se te pedirá que completes una prueba después de tu llamada introductoria en línea. Requirements: Experiencia trabajando como analista usando Python. Experiencia en proyectos de machine learning por más de un año. Familiaridad con las bibliotecas Pandas, NumPy, Matplotlib y Sklearn. Disponibilidad para dedicar al menos 30 horas a la semana a revisar el código de los estudiantes. Inglés intermedio, español competente. What you will do: Revisa el código de los estudiantes y proporciona retroalimentación (puede revisarse en cualquier momento; la carga de trabajo depende de la actividad de los estudiantes). Otorga créditos de acuerdo con los resultados de las tareas. Brinda consejos para mejorar el código, señala cualquier inexactitud y destaca los errores. What we can offer you: Colaboración totalmente remota y flexible (aproximadamente 30 horas semanales, 5 días a la semana). Pago fijo de 1500 USD brutos por mes. Capacitación en revisión de código y técnicas de comunicación. Posibilidad de realizar revisión de código para los estudiantes mientras desempeñas tu trabajo principal. Compartir experiencia con desarrolladores en nuestra comunidad. Experiencia en colaboración intercultural en mentoría y realización de seminarios web. Oficina digital cómoda. Usamos herramientas digitales modernas — Miro, Notion, Zoom, etc. — para que el proceso de trabajo conjunto sea fluido. Equipo diverso y unido, distribuido por EE. UU. y LatAm."
9,1,Desarrollador Backend Middle - job post,PhCodes Ec,"Ambato, Provincia del Tungurahua",,Tiempo completo,Remoto,"Sobre nosotros: PhCodes Ec es una empresa ecuatoriana que desde 2019 se ha propuesto en impulsar el desarrollo tecnológico no solo a nivel nacional, sino también a nivel internacional. Tenemos una cultura con base en el respeto, la diligencia, y la ética. Aspectos que hacen que seamos poseedores de un excelente entorno laboral, propicio para el crecimiento no solo profesional, sino también personal. Requerimientos: Título de 3er nivel en Programación o afines. Disponibilidad de tiempo. Experiencia en desarrollo java 8 con mas de 3 años (No se aceptarán candidatos con experiencia menor) Experiencia en desarrollo de microservicios, no menos de 3 años. Residencia en Ambato o cercanías. (No se aceptará trabajo en remoto) Al menos 4 años de experiencia en el diseño de arquitecturas en entorno Java. Manejo, conocimiento, y al menos 3 años de experiencia en Java (Framework como Quarkus, Vertx, Spring), Git, Docker, y Maven. Manejo de base de datos MySql, y Mongo Capacidad para trabajar coordinado con equipos de ingeniería. Habituado a trabajar bajo metodologías ágiles. Disponibilidad inmediata para trabajar de manera presencial (en Ambato) y online. Buscamos gente responsable, honesta, y creativa con ideas frescas, ganas de superarse y crecer en el mundo laboral, en un ambiente estimulante que te impulsará a dar lo mejor de ti. Queremos personas que puedan trabajar en equipo y también de manera autónoma. Así mismo, esperamos mucho compromiso y la responsabilidad a la hora de cumplir con las tareas asignadas, de la mejor manera y siempre manteniendo la puntualidad. Como BACKEND tendrás la responsabilidad en: Colaboración con frontend developers para diseñar elementos de alta calidad para el usuario. Incorporación de elementos de seguridad adecuados y preparados para el futuro y la supervisión de su funcionalidad permanente. Implementación de aplicaciones de almacenamiento de datos y el mantenimiento de su eficacia. Cooperación con la dirección para garantizar que la experiencia de usuario siga siendo de alto nivel. Coordinación con el equipo de test y validación para garantizar la calidad del código. Participación en las revisiones del diseño del producto. PhCodes Ec te ofrece: Contratación inmediata de los servicios. Contrato por servicios profesionales como FreeLancer, con 1 mes de período de prueba. Salario a convenir. Excelente ambiente laboral. Proyección internacional. Continuo aprendizaje y capacitaciones. Una vez recibidas las hojas de vida, se seleccionará a los mejores candidatos. Quiénes serán entrevistados y de los cuáles posteriormente, se seleccionará el perfil idóneo para trabajar en nuestra empresa."
10,1,Desarrollador JAVA SR - job post,Sofka,"Quito, Provincia de Pichincha",,Tiempo completo,,"¿Estás buscando nuevos desafíos y un lugar donde puedas disfrutar de un ambiente cercano mientras aprendes constantemente? ¡Bienvenido a un equipo con un propósito claro: ""TRANSFORMAR la vida de las personas siendo el aliado TECNOLÓGICO más confiable""! ¡Prepárate y únete a esta aventura! ¿Qué encontrarás? Retos técnicos y personales que te mantendrán en constante crecimiento. Un equipo conectado, enfocado en tu bienestar físico y mental. Cultura de mejora continua, fresca y colaborativa, con oportunidades de aprendizaje y gente dispuesta a apoyarte. KaizenHub, un programa diseñado para potenciar tus talentos, con feedback, mentorías y coaching a través de Sofka U. ¡Será un reto y un juego a la vez! Programas como Happy Kaizen y WeSofka que cuidan tu bienestar físico y emocional. ¿Qué buscamos? Buscamos un Desarrollador de Software JAVA senior con un mínimo de 4 a 6 años de experiencia en el desarrollo y la ingeniería de soluciones complejas. El perfil ideal debe dominar principios de programación orientada a objetos, técnicas avanzadas de programación funcional, y tener una sólida base en arquitectura de microservicios. Necesitamos un profesional con profunda experiencia en el ciclo de vida completo del desarrollo, desde el diseño hasta el despliegue y la monitorización. ️ Conocimientos Técnicos Requeridos Lenguaje y Fundamentos: Dominio avanzado de Java (SE/EE), Programación Orientada a Objetos (POO) y Programación Funcional. Sólida aplicación de principios SOLID, KISS, DRY y patrones de diseño (GoF, Microservicios). Frameworks Core: Experiencia experta en el ecosistema Spring Boot (incluyendo Spring Data JPA/Hibernate, Spring Security) para la construcción de microservicios RESTful. Servicios y APIs: Habilidad para diseñar, implementar y documentar APIs RESTful escalables. Experiencia con estándares como OpenAPI/Swagger. Arquitectura: Experiencia práctica en el diseño e implementación de Arquitecturas de Microservicios y sistemas distribuidos. Conocimiento de patrones de resiliencia y mensajería (Kafka o RabbitMQ). Bases de Datos: Experiencia en SQL avanzado (optimización, tuning, modelado) y conocimiento funcional de bases de datos NoSQL (MongoDB, Redis, etc.). DevOps y Contenerización: Dominio de Docker y experiencia con orquestación (Kubernetes). Experiencia en la configuración y mantenimiento de pipelines de CI/CD (Jenkins, Azure DevOps, GitLab CI). Pruebas y Calidad: Experiencia avanzada en frameworks de pruebas (JUnit 5, Mockito) e implementación de estrategias de Calidad Temprana (TDD, Pruebas de Integración). Cloud: Conocimiento práctico de servicios y despliegues en al menos una plataforma cloud principal (AWS, Azure o GCP). Herramientas: Dominio de Git (flujos avanzados) y experiencia con herramientas de monitorización y observabilidad (Prometheus, Grafana, ELK Stack). Personas apasionadas, dispuestas a dar lo mejor de sí mismas. ¡PRESENTATE y sé parte de esta historia! Condiciones Contrato a término indefinido ¡Queremos relaciones a largo plazo y que seas parte de nuestra familia por mucho tiempo! ¿Buscas crecimiento profesional? En Sofka, te ofrecemos un ecosistema de aprendizaje con múltiples herramientas para cerrar brechas y potenciar tus habilidades. ¡Tú decides cómo quieres crecer! Trabajo Hibrido"
11,1,Desarrollador JAVA SR - job post,Sofka,"Quito, Provincia de Pichincha",,Tiempo completo,,"¿Estás buscando nuevos desafíos y un lugar donde puedas disfrutar de un ambiente cercano mientras aprendes constantemente? ¡Bienvenido a un equipo con un propósito claro: ""TRANSFORMAR la vida de las personas siendo el aliado TECNOLÓGICO más confiable""! ¡Prepárate y únete a esta aventura! ¿Qué encontrarás? Retos técnicos y personales que te mantendrán en constante crecimiento. Un equipo conectado, enfocado en tu bienestar físico y mental. Cultura de mejora continua, fresca y colaborativa, con oportunidades de aprendizaje y gente dispuesta a apoyarte. KaizenHub, un programa diseñado para potenciar tus talentos, con feedback, mentorías y coaching a través de Sofka U. ¡Será un reto y un juego a la vez! Programas como Happy Kaizen y WeSofka que cuidan tu bienestar físico y emocional. ¿Qué buscamos? Buscamos un Desarrollador de Software JAVA senior con un mínimo de 4 a 6 años de experiencia en el desarrollo y la ingeniería de soluciones complejas. El perfil ideal debe dominar principios de programación orientada a objetos, técnicas avanzadas de programación funcional, y tener una sólida base en arquitectura de microservicios. Necesitamos un profesional con profunda experiencia en el ciclo de vida completo del desarrollo, desde el diseño hasta el despliegue y la monitorización. ️ Conocimientos Técnicos Requeridos Lenguaje y Fundamentos: Dominio avanzado de Java (SE/EE), Programación Orientada a Objetos (POO) y Programación Funcional. Sólida aplicación de principios SOLID, KISS, DRY y patrones de diseño (GoF, Microservicios). Frameworks Core: Experiencia experta en el ecosistema Spring Boot (incluyendo Spring Data JPA/Hibernate, Spring Security) para la construcción de microservicios RESTful. Servicios y APIs: Habilidad para diseñar, implementar y documentar APIs RESTful escalables. Experiencia con estándares como OpenAPI/Swagger. Arquitectura: Experiencia práctica en el diseño e implementación de Arquitecturas de Microservicios y sistemas distribuidos. Conocimiento de patrones de resiliencia y mensajería (Kafka o RabbitMQ). Bases de Datos: Experiencia en SQL avanzado (optimización, tuning, modelado) y conocimiento funcional de bases de datos NoSQL (MongoDB, Redis, etc.). DevOps y Contenerización: Dominio de Docker y experiencia con orquestación (Kubernetes). Experiencia en la configuración y mantenimiento de pipelines de CI/CD (Jenkins, Azure DevOps, GitLab CI). Pruebas y Calidad: Experiencia avanzada en frameworks de pruebas (JUnit 5, Mockito) e implementación de estrategias de Calidad Temprana (TDD, Pruebas de Integración). Cloud: Conocimiento práctico de servicios y despliegues en al menos una plataforma cloud principal (AWS, Azure o GCP). Herramientas: Dominio de Git (flujos avanzados) y experiencia con herramientas de monitorización y observabilidad (Prometheus, Grafana, ELK Stack). Personas apasionadas, dispuestas a dar lo mejor de sí mismas. ¡PRESENTATE y sé parte de esta historia! Condiciones Contrato a término indefinido ¡Queremos relaciones a largo plazo y que seas parte de nuestra familia por mucho tiempo! ¿Buscas crecimiento profesional? En Sofka, te ofrecemos un ecosistema de aprendizaje con múltiples herramientas para cerrar brechas y potenciar tus habilidades. ¡Tú decides cómo quieres crecer! Trabajo Hibrido"
12,1,SCRUM MASTER - job post,Vimeworks Cia. Ltda.,"Quito, Provincia de Pichincha",,Tiempo completo,,"Estamos en búsqueda de un/a Scrum Master apasionado/a por la agilidad y la mejora continua, para acompañar a nuestros equipos de desarrollo en un proyecto específico de 3 meses. Requisitos del perfil: Formación en Ingeniería de Software, Sistemas, o carreras afines. Certificación como Scrum Master. Experiencia mínima de 2 años liderando equipos de desarrollo ágil . Conocimiento de herramientas de gestión ágil Habilidades de liderazgo colaborativo, comunicación asertiva y orientación a resultados. Responsabilidades principales: Facilitar la aplicación del marco Scrum y promover la adopción de metodologías ágiles en el equipo de desarrollo. Guiar las ceremonias Scrum (Daily, Sprint Planning) Eliminar obstáculos que limiten la productividad del equipo y fomentar un entorno colaborativo y autogestionado. Asegurar la correcta comunicación entre los desarrolladores, líderes técnicos y stakeholders del proyecto. Promover la mejora continua en procesos, herramientas y cultura de trabajo ágil. Tipo de puesto: Tiempo completo, Temporal, Freelance Duración del contrato: 3 meses Sueldo: $1.500,00 - $1.800,00 al mes"
13,1,Desarrollador NestJS Senior (Ecuador-Uruguay-Colombia) - job post,Sofka,"Quito, Provincia de Pichincha",,Tiempo completo,Remoto,"¿Te apasiona crear servicios escalables y resilientes que impacten directamente en el usuario? En nuestro equipo encontrarás el espacio para crecer, retarte y compartir tu conocimiento ¡Bienvenido a un equipo con un propósito claro: ""TRANSFORMAR la vida de las personas siendo el aliado TECNOLÓGICO más confiable""! ¡Prepárate y únete a esta aventura! ¿Qué encontrarás? Retos técnicos y personales que te mantendrán en constante crecimiento. Un equipo conectado, enfocado en tu bienestar físico y mental. Cultura de mejora continua, fresca y colaborativa, con oportunidades de aprendizaje y gente dispuesta a apoyarte. KaizenHub, un programa diseñado para potenciar tus talentos, con feedback, mentorías y coaching a través de Sofka U. ¡Será un reto y un juego a la vez! Programas como Happy Kaizen y WeSofka que cuidan tu bienestar físico y emocional. ¿Qué buscamos? Ingeniero/a en sistemas o afines, con mínimo 4 años de experiencia para desarrollar soluciones robustas en NestJS + NodeJS, participando activamente en decisiones de arquitectura, buenas prácticas y procesos de desarrollo. Requisitos: Dominio de NestJS, TypeScript, NodeJS. Conocimientos sólidos en POO, programación funcional, microservicios, REST. Experiencia con AWS, Kubernetes, RabbitMQ/Kafka. Conocimientos en Clean Architecture, DDD, CQRS. Buenas prácticas de ingeniería: pruebas automatizadas, CI/CD, revisión de código. Capacidad para guiar al equipo y compartir conocimiento técnico. Visión de negocio y enfoque en el cliente. Serás clave en el diseño, la escalabilidad y la resiliencia de nuestros servicios. ¡Tu impacto será real y visible! ¡PRESENTATE y sé parte de esta historia! Condiciones Contrato a término indefinido ¡Queremos relaciones a largo plazo y que crezcas con nosotros! ¿Buscas crecimiento profesional? En Sofka, te ofrecemos un ecosistema de aprendizaje con múltiples herramientas para cerrar brechas y potenciar tus habilidades. ¡Tú decides cómo quieres crecer! Ubicación: Remoto desde Uruguay o Colombia o presencial en Quito."
14,1,Desarrollador Full Stack - job post,Double V Partners,"Guayaquil, Provincia del Guayas",,Tiempo completo,Presencial,"Descripción -Diseñar, desarrollar y mantener aplicaciones nativas para iOS y Android, garantizando una experiencia fluida y de alto rendimiento. -Desarrollar y mantener servicios backend en .NET Core, integrando APIs REST seguras y eficientes. -Implementar interfaces web dinámicas con Angular, asegurando consistencia visual y usabilidad. -Modelar y optimizar bases de datos SQL, asegurando integridad y rendimiento en las consultas. -Colaborar con equipos multidisciplinarios en la definición de la arquitectura técnica y las decisiones de diseño. -Asegurar la calidad del código mediante buenas prácticas, revisiones y pruebas automatizadas. -Participar activamente en ceremonias y procesos de trabajo ágil (Scrum/Kanban) dentro de un entorno híbrido (3 días oficina / 2 casa) Requerimientos - 3 a 5 años de experiencia en desarrollo Full Stack con enfoque en aplicaciones nativas y backend. - Experiencia sólida en iOS (Swift) y Android (Kotlin). - Conocimientos en .NET Core (C#) para el desarrollo de APIs y servicios backend. -Experiencia en Angular para el desarrollo frontend web. - Dominio en APIs REST, integración de servicios externos y manejo de autenticación. - Experiencia en bases de datos SQL: diseño, modelado y optimización de consultas. - Familiaridad con Git y flujos de trabajo colaborativos (branching, pull requests). - Buen entendimiento de principios SOLID, patrones de diseño y pruebas unitarias - Habilidad para trabajar en entornos ágiles, con comunicación efectiva y orientación a resultados. Tipo de puesto: Tiempo completo"
15,1,Web Development Teaching Experts LATAM - job post,TripleTen,Desde casa,,Tiempo completo,Presencial,"TripleTen es un servicio que empodera a las personas, sin importar su experiencia previa, para embarcarse en el emocionante y desafiante camino de dominar profesiones tecnológicas. Nuestros bootcamps se enfocan en capacitar a los estudiantes en Análisis de datos, Ciencia de datos, Desarrollo web y Ingeniería de aseguramiento de calidad (QA) y Diseño UX/UI de una manera accesible y viable, llevándolos finalmente a prosperar en una nueva carrera. Nuestra misión es garantizar que cada estudiante tenga la oportunidad de dominar con éxito una nueva profesión, encontrar su propósito y convertirse en un miembro valioso de la industria tecnológica. ¿Cuál es nuestro objetivo? Estamos buscando Expertos en Desarrollo Web con experiencia práctica y vocación por guiar a quienes están aprendiendo a programar, para acompañar y ayudar a nuestros estudiantes a convertirse en desarrolladores profesionales. Puedes unirte a nosotros a tiempo parcial, dedicando de 10 a 15 horas por semana, según tu disponibilidad. Postúlate aquí — revisamos las solicitudes de manera continua e invitamos a los candidatos seleccionados a grabar un video respondiendo algunas preguntas y a realizar una tarea de prueba. Si hay una vacante disponible, te la asignaremos de inmediato; si no, guardaremos tu perfil y la tarea completada para futuras oportunidades. Por favor, envía tu CV en inglés. Requirements: Más de 2 años de experiencia laboral como desarrollador/a web. Conocimiento experto en HTML, CSS, JavaScript, Git, React, Webpack, Node.js y Express.js. Disponibilidad para dedicar al menos 12-15 horas semanales a tus estudiantes. La participación en bootcamps es una ventaja para nuestros candidatos. Inglés intermedio, español nativo o avanzado. What you will do: Hay dos roles de enseñanza para los estudiantes: Tutores e Instructores. Los Tutores apoyan a los estudiantes respondiendo sus preguntas y brindando orientación práctica a través de: Realización de webinars en vivo (una o dos veces por semana). Chats con los estudiantes. Sesiones de codificación en vivo (una sesión cada dos semanas). Este rol requiere 12 a 15 horas de disponibilidad, con énfasis en el horario de 7pm a 10pm hora CDMX (lunes a viernes). Como Instructor, tu misión es ayudar a los estudiantes a resolver todas sus dudas sobre el contenido del programa y guiarlos a través de ejercicios y proyectos. Tú: Asistirás a los estudiantes vía Discord, en canales escritos y de voz. Realizarás sesiones de preguntas y respuestas (Q&A). Este rol requiere 12 a 15 horas de disponibilidad, con énfasis en el horario de 7pm a 10pm hora CDMX (lunes a viernes). Y lo más importante: ¡serás una fuente de inspiración para tus estudiantes! What we can offer you: Capacitación en técnicas de mentoría y comunicación. La posibilidad de enseñar mientras desempeñas tu trabajo principal. Compartir experiencia con desarrolladores dentro de nuestra comunidad. Ingresos promedio de $700 a $900 USD al mes por una colaboración flexible de medio tiempo, con gran impacto ¡y un equipo increíble! Experiencia de colaboración intercultural en mentoría y realización de webinars. Cooperación remota con un horario conveniente tanto para ti como para el equipo. No nos enfocamos en la microgestión. Una oficina digital cómoda. Utilizamos herramientas digitales modernas — Miro, Notion, Zoom, etc. — para que el trabajo conjunto sea fluido. Un equipo diverso y unido, distribuido entre EE.UU. y América Latina."
16,1,Docentes Especialistas en QA LATAM (Medio tiempo) - job post,TripleTen,Desde casa,,Tiempo completo,,"TripleTen es un servicio que empodera a las personas, sin importar su experiencia previa, para embarcarse en el emocionante y desafiante camino de dominar profesiones tecnológicas. Nuestros bootcamps se enfocan en capacitar a los estudiantes en Análisis de datos, Ciencia de datos, Desarrollo web y Ingeniería de aseguramiento de calidad (QA) y Diseño UX/UI de una manera accesible y viable, llevándolos finalmente a prosperar en una nueva carrera. Nuestra misión es garantizar que cada estudiante tenga la oportunidad de dominar con éxito una nueva profesión, encontrar su propósito y convertirse en un miembro valioso de la industria tecnológica. ¿Cuál es nuestro objetivo? Estamos en búsqueda continua de especialistas en QA con experiencia, para acompañar y ayudar a nuestros estudiantes a convertirse en desarrolladores profesionales. Puedes unirte a nosotros a tiempo parcial, dedicando de 12 a 30 horas por semana, según tu disponibilidad. Postúlate aquí — revisamos las solicitudes de manera continua e invitamos a los candidatos seleccionados a grabar un video respondiendo algunas preguntas y a realizar una tarea de prueba. Si hay una vacante disponible, te la asignaremos de inmediato; si no, guardaremos tu perfil y la tarea completada para futuras oportunidades. Por favor, envía tu CV en inglés. Requirements: Para el programa de QA, estamos buscando un(a) ingeniero(a) de calidad (QA) experimentado, que cumpla con los siguientes requisitos: Al menos 3 años de experiencia laboral en QA automatizado (experiencia con aplicaciones móviles es una ventaja). Experiencia en automatización de pruebas con Selenium + Python. Conocimiento en el uso de la línea de comandos, herramientas de desarrollo del navegador (DevTools), analizadores de tráfico como Charles o Fiddler, y herramientas de pruebas de API como SoapUI y Postman. Familiaridad con la teoría de pruebas y el diseño de pruebas, así como conocimientos básicos en sistemas operativos, redes y arquitectura de sistemas. Conocimientos básicos de SQL. Dominio de inglés y español. Disponibilidad de al menos 12-30 horas semanales para dedicar a tus estudiantes. What you will do: Hay tres roles de enseñanza para los estudiantes: Tutores, Instructores y Revisores de Código. Los Tutores apoyan a los estudiantes respondiendo sus preguntas y brindando orientación práctica a través de: Realización de webinars en vivo (una o dos veces por semana). Chats con los estudiantes. Sesiones 1:1 con los estudiantes, dedicando al menos 10 horas semanales para seguimiento personalizado y orientación práctica. Este rol requiere 16 a 20 horas de disponibilidad, con énfasis en el horario de 7pm a 10pm hora CDMX (lunes a viernes). Como Instructor, tu misión es ayudar a los estudiantes a resolver todas sus dudas sobre el contenido del programa y guiarlos a través de ejercicios y proyectos. Tú asistirás a los estudiantes vía Discord: Liderando sesiones en el espacio de Co-learning de QA, un canal de voz disponible para estudiantes de todas las cohortes y diferentes niveles de conocimiento, donde los estudiantes pueden hacer consultas, compartir pantalla y resolver dudas. Respondiendo las preguntas escritas de los estudiantes en un máximo de 6 horas (al menos 2 horas por día). Este rol requiere 12 a 15 horas de disponibilidad. Como Revisor de Código, revisarás los proyectos de los estudiantes y proporcionarás retroalimentación. La comunicación con los estudiantes se realiza a través de chat. Este rol es flexible y requiere hasta 30 horas de disponibilidad por semana, de lunes a viernes. Y lo más importante: ¡serás una fuente de inspiración para tus estudiantes! What we can offer you: La posibilidad de enseñar a los estudiantes mientras desempeñas tu trabajo principal. Ingresos promedio de $700 a $1500 USD al mes por una colaboración flexible de medio tiempo, con gran impacto ¡y un equipo increíble! Cooperación remota con un horario conveniente tanto para ti como para el equipo. No nos enfocamos en la microgestión. Experiencia intercultural: Forma parte de un equipo internacional y conecta con estudiantes de diversos contextos. Impacto significativo: Comparte tu conocimiento y ayuda a otros a iniciar su carrera en tecnología. Participación en nuevos proyectos: Contribuye a mejorar la experiencia educativa de los estudiantes. Crecimiento profesional: Recibe retroalimentación para seguir desarrollándote como educador."
17,2,Desarrolladores Java | ECU - job post,Sofka,"Quito, Provincia de Pichincha",,Medio tiempo,Presencial,"Esta no es una vacante convencional Sofka Talent Day – Ecuador Estás a punto de postularte a una experiencia única: Un evento presencial exclusivo para perfiles TI seleccionados. Si tu perfil se alinea con esta vacante, tendrás la oportunidad de: Participar en un proceso corto virtual (reto técnico y/o entrevista técnica) Y si avanzas, serás invitado/a a una jornada presencial en Quito Con charlas, entrevistas en vivo y conexión directa con nuestra cultura ¿Quieres vivir Sofka desde adentro? Sigue leyendo y postúlate. ¡Esta experiencia puede ser para ti! ¿Qué buscamos? Buscamos un Desarrollador Backend Java SR / SSR con experiencia en Spring Boot para unirse a nuestro equipo de soluciones financieras innovadoras. El candidato implementará y evaluará sistemas y aplicaciones robustas, asegurando el cumplimiento de los requisitos funcionales y no funcionales, así como de los plazos establecidos. Se valorará la capacidad de colaborar con equipos multifuncionales y una sólida comprensión de las mejores prácticas de desarrollo en el sector financiero. El candidato debe tener la capacidad de ejecutar actividades y manejar herramientas específicas. Se requiere un conocimiento técnico de nivel 3 en cada tecnología, incluyendo: JAVA EE 8+ y Spring Boot: Dominio de programación orientada a objetos y técnicas avanzadas de programación funcional. Control de versiones: Diseño, configuración y monitorización de pipelines, así como gestión de accesos en contenedores. APIs: Integración, diseño escalable, documentación, autenticación y autorización. Patrones de diseño: Modelado de microservicios con enfoque en modularidad, cohesión y acoplamiento. Calidad de software: Pruebas unitarias, contractuales y mutación; familiaridad con frameworks como Spring Cloud Contract y OpenAPI. Buenas prácticas de desarrollo: Clean code, accesibilidad, legibilidad y código reutilizable. Debugging y Troubleshooting: Uso de herramientas para identificar errores. Bases de datos: Normalización, optimización de consultas, y conocimiento avanzado en bases de datos no relacionales. Aseguramiento de microservicios: Implementación de estándares de seguridad como JWT, Oauth2, OpenID o SAML2, y cumplimiento de OWASP Top Ten y ISO-27001. Medición de calidad: Uso de frameworks y herramientas para integrar pruebas en procesos de integración continua. Personas apasionadas, dispuestas a dar lo mejor de sí mismas. Condiciones Contrato a término indefinido ¡Queremos relaciones a largo plazo y que seas parte de nuestra familia por mucho tiempo! ¿Buscas crecimiento profesional? En Sofka, te ofrecemos un ecosistema de aprendizaje con múltiples herramientas para cerrar brechas y potenciar tus habilidades. ¡Tú decides cómo quieres crecer!"
18,2,Part-Time Data Analytics Instructor LATAM - job post,TripleTen,Desde casa,,Medio tiempo,Presencial,"TripleTen es el bootcamp #1 en EE. UU. y LATAM que empodera a las personas, sin importar su experiencia previa, para embarcarse en el emocionante y desafiante camino de dominar profesiones tecnológicas. Nuestros bootcamps se enfocan en capacitar a los estudiantes en ingeniería de software, ciencia de datos, analítica de inteligencia de negocios y QA engineering de una manera accesible y viable, llevándolos finalmente a prosperar en una nueva carrera. Nuestra misión es garantizar que cada estudiante tenga la oportunidad de dominar con éxito una nueva profesión, encontrar su propósito y convertirse en un miembro valioso de la industria tecnológica. Para el programa de Desarrollo Web, estamos buscando un/a ingeniero/a de software con experiencia para apoyar el proceso educativo de nuestros estudiantes y ayudarlos a convertirse exitosamente en profesionales. Ten en cuenta que, después de postularte para este puesto, deberás completar una tarea de prueba tras tu llamada introductoria en línea. Requirements: Más de 2 años de experiencia laboral como desarrollador/a web. Conocimiento experto en HTML, CSS, JavaScript, Git, React, Webpack, Node.js y Express.js. Disponibilidad de al menos 12 a 15 horas semanales para dedicar a tus estudiantes. La participación en bootcamps es una ventaja para nuestros candidatos. Inglés intermedio, español fluido. Flexibilidad en horario durante el día, de acuerdo la demanda de los estudiantes. Haber participado en bootcamps se considera una ventaja. What you will do: Como instructor(a), tu misión es ayudar a los estudiantes a resolver todas sus dudas sobre el contenido del Bootcamp y apoyarlos con los ejercicios y proyectos. Podrás asistirlos a través de Discord en canales escritos y de voz. Principales tareas relacionadas con los estudiantes: Liderar sesiones en el espacio de Co-learning de WD, que es un canal de voz disponible para estudiantes de todas las cohortes y diferentes niveles de conocimiento, donde los estudiantes pueden hacer consultas, compartir pantalla y resolver dudas. Responder las preguntas escritas de los estudiantes en los canales de Discord, en un máximo de 6 horas (al menos 2 horas por día). What we can offer you: Capacidad para enseñar a los estudiantes mientras desempeñas tu trabajo principal. Base salarial: $200 USD al mes, que cubre onboarding, reuniones, preparación de sesiones, y respuestas a dudas en canales de Discord. Pago por hora: Sesión co-learning, $12 USD. Aproximadamente $400–$900 USD al mes (o más, dependiendo de las horas que dediques a T), mientras generas un impacto real en los estudiantes. Experiencia intercultural: Forma parte de un equipo internacional y conecta con estudiantes de diversos contextos. Impacto significativo: Comparte tu conocimiento y ayuda a otros a iniciar su carrera en tecnología. Participación en nuevos proyectos: Contribuye a mejorar la experiencia educativa de los estudiantes. Crecimiento profesional: Recibe retroalimentación para seguir desarrollándote como educador. Una oficina digital cómoda. Utilizamos herramientas digitales modernas — Miro, Notion, Zoom, etc. — para que el trabajo en conjunto sea fluido."
19,2,Desarrollador Trainee de Cobol (Para personas en situación de discapacidad) - job post,Indra Minsait,"Guayaquil, Provincia del Guayas",,Medio tiempo,Presencial,"Buscamos DESARROLLADOR TRAINEE DE COBOL (para personas con discapacidad) con ganas de trabajar en nuestros equipos multidisciplinares. ¿Cuál es el reto que te proponemos? Estarás en contacto continuo con las novedades tecnológicas, impulsando la transformación digital. Participarás en proyectos y desarrollos que tienen una alta visibilidad y que marcan la diferencia con soluciones disruptivas y especializadas para toda la cadena de valor. ¿Qué esperamos por tu parte? Ingeniero de sistemas, Informática o carrera afín. Con o sin conocimiento en: UNIX, WINDOWS Tener conocimiento en cualquier lenguaje de programación. Bases de Datos SQL Competencias requeridas Analítico Comunicativo Adaptabilidad Lógica de Programación ¡Ofrecemos excelentes beneficios! Capacitación para tu desarrollo profesional Horario laboral de oficina Para laborar en Guayaquil Para personas con discapacidad Motivos por los que te encantará ser un #Minsaiter: Top Employer con más de 45.000 profesionales y con acceso a proyectos retadores. Excelente ambiente laboral Contrato indefinido y retribución competitiva. Carrera profesional y formación continua adaptada a tus necesidades y motivaciones. Programa de bienestar: Mantenemos beneficios corporativos que garantizan tu bienestar laboral y cumplimos con todos los requisitos legales para ofrecerte un ambiente laboral seguro y saludable Minsait, technology for a more human future! Nuestro compromiso es promover ambientes de trabajo en los que se trate con respeto y dignidad a las personas, procurando el desarrollo profesional de la plantilla y garantizando la igualdad de oportunidades en su selección, formación y promoción ofreciendo un entorno de trabajo libre de cualquier discriminación por motivo de género, edad, discapacidad, orientación sexual, identidad o expresión de género, religión, etnia, estado civil o cualquier otra circunstancia personal o social. En Indra creemos en un lugar de trabajo inclusivo, en el que las diferencias de las personas son respetadas, valoradas y atendidas para que todos nuestros colaboradores puedan desarrollar plenamente sus talentos. Tipo de puesto: Tiempo completo Pregunta(s) de postulación: ¿Cuál fue tu último grado de estudios? ¿Cuáto tiempo de experiencia laboral tienes en desarrollo de software? ¿Cuál es tu pretensión salarial?"
21,2,Desarrollador Full Stack C# - job post,Iroute Solutions,"Guayaquil, Provincia del Guayas",,Medio tiempo,,"Desarrollador Full Stack C# - Experiencia mínima requerida 2 años. -Desarrollador en C# -Manejo de web Services, API, NetCore -Backend Transact SQL, SQLSERVER y/o MYSQL -Conocimientos de Frontend HTML5, CSS3, Javascript con Framework Angular e Ionic (Deseable) -Conocimientos de Metodologías Agiles. Educación: Analista de Sistemas / Ingeniería en Sistemas/afines. Experiencia profesional verificable vacante en la ciudad de Guayaquil. Tipo de puesto: Tiempo completo, Indefinido Sueldo: A partir de $800,00 al mes"
22,2,Experto Funcional ATMs – Senior - Quito Ecuador - job post,Sofka,"Quito, Provincia de Pichincha",,Medio tiempo,,"¿Estás buscando nuevos desafíos y un lugar donde puedas disfrutar de un ambiente cercano mientras aprendes constantemente? ¡Bienvenido a un equipo con un propósito claro: ""TRANSFORMAR la vida de las personas siendo el aliado TECNOLÓGICO más confiable""! ¡Prepárate y únete a esta aventura! ¿Qué encontrarás? Retos técnicos y personales que te mantendrán en constante crecimiento. Un equipo conectado, enfocado en tu bienestar físico y mental. Cultura de mejora continua, fresca y colaborativa, con oportunidades de aprendizaje y gente dispuesta a apoyarte. KaizenHub, un programa diseñado para potenciar tus talentos, con feedback, mentorías y coaching a través de Sofka U. ¡Será un reto y un juego a la vez! Programas como Happy Kaizen y WeSofka que cuidan tu bienestar físico y emocional. ¿Qué buscamos? Personas Expertas Funcionales / Técnico(as) en ATMs para liderar la implementación, administración y evolución de soluciones tecnológicas en el sector financiero. Donde nos ayudaras a garantizar la disponibilidad, seguridad y modernización de la infraestructura de cajeros automáticos, actuando como referente técnico en proyectos críticos de innovación. Responsabilidades principales: Administrar y mantener la infraestructura de ATMs, garantizando continuidad operativa. Liderar proyectos de implementación y mejora tecnológica en el canal de ATMs. Participar en war rooms, gestionar incidencias y coordinar soluciones con equipos internos y proveedores. Ser corresponsable junto al TO y PO del cumplimiento de KPIs críticos: disponibilidad, obsolescencia, vulnerabilidades. Guiar al equipo técnico y proveedores externos para alinear las soluciones con la estrategia de producto. Contribuir al diseño técnico del producto, proponiendo soluciones modulares y escalables. Elaborar hojas de ruta técnicas en conjunto con Arquitectura y TO. Identificar y eliminar impedimentos técnicos que afecten la continuidad o desempeño del servicio. Proponer planes de mejora continua para mantener y aumentar la disponibilidad de los ATMs. Documentar y escalar conocimiento, asegurando accesibilidad y transferencia técnica. Requisitos Técnicos: Conocimiento profundo en redes, hardware, software multivendor y software base de ATMs. Experiencia con aplicaciones de administración de tarjetas, switch transaccional y core bancario. Conocimiento integral del recorrido técnico de transacciones, bases de datos y seguridad. Experiencia deseable en DevOps, CI/CD, observabilidad y auditoría de seguridad. Al menos 5 años como desarrollador backend en productos financieros (deseable). Experiencia en proyectos de servicios financieros, banca y ecosistemas de pagos. Certificaciones PMP, Scrum Master y Safe (requeridas). Herramientas y metodologías: XFS, Jira, gestión de backlog, gestión de proveedores. ¡PRESENTATE y sé parte de esta historia! Condiciones Contrato a término indefinido ¡Queremos relaciones a largo plazo y que seas parte de nuestra familia por mucho tiempo! ¿Buscas crecimiento profesional? En Sofka, te ofrecemos un ecosistema de aprendizaje con múltiples herramientas para cerrar brechas y potenciar tus habilidades. ¡Tú decides cómo quieres crecer!"
23,2,Content Designer UX/UI - job post,Double V Partners,"Guayaquil, Provincia del Guayas",,Medio tiempo,Presencial,"Descripción Crear y mantener contenidos digitales claros, empáticos y alineados con la identidad del producto, asegurando una comunicación coherente en cada punto de contacto con el usuario. Colaborar estrechamente con diseñadores y desarrolladores en Figma, integrando la narrativa dentro de los flujos y componentes de interfaz. Redactar textos para interfaces (microcopys, mensajes de error, instrucciones, onboarding, etc.) que guíen, informen y generen confianza en los usuarios. Participar en la definición de la voz y tono del producto, manteniendo consistencia en todos los canales y plataformas. Contribuir en pruebas de usabilidad y análisis de métricas (HubSpot o Git) para optimizar la experiencia y la efectividad del contenido. Trabajar de manera colaborativa bajo metodologías ágiles (Scrum/Kanban), en modalidad híbrida (3 días oficina / 2 casa) Requerimientos 3 años o más de experiencia en redacción UX/UI o Content Design en entornos digitales o productos tecnológicos. Dominio de Figma, integrando textos y contenido en flujos y prototipos interactivos. Capacidad para diseñar microcopys efectivos, con enfoque en usabilidad, accesibilidad y tono de marca. Habilidad para traducir conceptos técnicos o complejos en mensajes simples, humanos y orientados al usuario. Deseable manejo de HubSpot o Git para análisis de comportamiento y optimización de contenidos. Experiencia colaborando con equipos multidisciplinarios (diseño, desarrollo, producto, marketing). Atención al detalle, pensamiento estratégico y sensibilidad hacia la experiencia del usuario. Conocimiento de metodologías ágiles y cultura de trabajo colaborativo. Tipo de puesto: Tiempo completo"
24,2,Content Designer UX/UI - job post,Double V Partners,"Guayaquil, Provincia del Guayas",,Medio tiempo,Presencial,"Descripción Crear y mantener contenidos digitales claros, empáticos y alineados con la identidad del producto, asegurando una comunicación coherente en cada punto de contacto con el usuario. Colaborar estrechamente con diseñadores y desarrolladores en Figma, integrando la narrativa dentro de los flujos y componentes de interfaz. Redactar textos para interfaces (microcopys, mensajes de error, instrucciones, onboarding, etc.) que guíen, informen y generen confianza en los usuarios. Participar en la definición de la voz y tono del producto, manteniendo consistencia en todos los canales y plataformas. Contribuir en pruebas de usabilidad y análisis de métricas (HubSpot o Git) para optimizar la experiencia y la efectividad del contenido. Trabajar de manera colaborativa bajo metodologías ágiles (Scrum/Kanban), en modalidad híbrida (3 días oficina / 2 casa) Requerimientos 3 años o más de experiencia en redacción UX/UI o Content Design en entornos digitales o productos tecnológicos. Dominio de Figma, integrando textos y contenido en flujos y prototipos interactivos. Capacidad para diseñar microcopys efectivos, con enfoque en usabilidad, accesibilidad y tono de marca. Habilidad para traducir conceptos técnicos o complejos en mensajes simples, humanos y orientados al usuario. Deseable manejo de HubSpot o Git para análisis de comportamiento y optimización de contenidos. Experiencia colaborando con equipos multidisciplinarios (diseño, desarrollo, producto, marketing). Atención al detalle, pensamiento estratégico y sensibilidad hacia la experiencia del usuario. Conocimiento de metodologías ágiles y cultura de trabajo colaborativo. Tipo de puesto: Tiempo completo"
25,2,"Arquitecto de Soluciones Presencial Quito, Ecuador - job post",Sofka,"Quito, Provincia de Pichincha",,Medio tiempo,Presencial,"¿Estás buscando nuevos desafíos y un lugar donde puedas disfrutar de un ambiente cercano mientras aprendes constantemente? ¡Bienvenido a un equipo con un propósito claro: ""TRANSFORMAR la vida de las personas siendo el aliado TECNOLÓGICO más confiable""! ¡Prepárate y únete a esta aventura! ¿Qué encontrarás? Retos técnicos y personales que te mantendrán en constante crecimiento. Un equipo conectado, enfocado en tu bienestar físico y mental. Cultura de mejora continua, fresca y colaborativa, con oportunidades de aprendizaje y gente dispuesta a apoyarte. KaizenHub, un programa diseñado para potenciar tus talentos, con feedback, mentorías y coaching a través de Sofka U. ¡Será un reto y un juego a la vez! Programas como Happy Kaizen y WeSofka que cuidan tu bienestar físico y emocional. ¿Qué buscamos? Buscamos un Arquitecto de Soluciones con más de 5 años de experiencia probada en la definición, diseño e implementación de arquitecturas TI que unan la estrategia de negocio con la ejecución técnica. El perfil ideal debe dominar la computación en la nube, los principios de escalabilidad, seguridad y eficiencia, y poseer una excelente capacidad de comunicación para ser el puente entre los stakeholders y los equipos de desarrollo. Necesitamos tu visión estratégica y tu liderazgo técnico para guiar la transformación digital. Responsabilidades Diseñar e implementar arquitecturas de software de extremo a extremo que sean escalables, resilientes, seguras y eficientes en costos. Traducir los requisitos de negocio y las necesidades de los stakeholders en diseños técnicos de alto nivel (HLD) y planes de solución. Evaluar e incorporar nuevas tecnologías, frameworks y patrones de diseño para la mejora continua de la plataforma. Liderar técnicamente a los equipos de desarrollo, asegurando la aplicación de estándares, principios de arquitectura y mejores prácticas. Documentar rigurosamente los diseños de arquitectura, roadmaps y decisiones clave para mantener la trazabilidad del sistema. Colaborar con los equipos de Operaciones/DevOps para definir las estrategias de CI/CD y observabilidad en entornos de nube. Comunicar y defender las propuestas de arquitectura ante audiencias técnicas y no técnicas, asegurando la alineación estratégica. Mentorizar a desarrolladores senior y mid en la comprensión y aplicación de los principios arquitectónicos. Conocimientos Técnicos Arquitectura Cloud: Experiencia avanzada en una o más plataformas cloud (AWS, Azure o GCP) y modelos de servicio (IaaS, PaaS, SaaS). Frameworks Core: Experiencia en desarrollo de soluciones empresariales con Java/SpringBoot. Diseño de Soluciones: Dominio de patrones de diseño de software (Microservicios, DDD, Serverless) y arquitectura empresarial (TOGAF, C4 Model, UML). Integración de Sistemas: Conocimiento en tecnologías de integración, APIs (REST, GraphQL) y sistemas de mensajería (Kafka, RabbitMQ). Seguridad: Principios de seguridad en el diseño de soluciones y la nube. DevOps/SRE: Conocimiento de prácticas de automatización, CI/CD y monitoreo (Observability). Bases de Datos: Experiencia en bases de datos relacionales y NoSQL. Habilidades Blandas: Capacidad de comunicación y presentación de diseños de alto impacto. Experiencia en medios de pago y tarjetas. Personas apasionadas, dispuestas a dar lo mejor de sí mismas. ¡PRESENTATE y sé parte de esta historia! Condiciones Contrato a término indefinido ¡Queremos relaciones a largo plazo y que seas parte de nuestra familia por mucho tiempo! ¿Buscas crecimiento profesional? En Sofka, te ofrecemos un ecosistema de aprendizaje con múltiples herramientas para cerrar brechas y potenciar tus habilidades. ¡Tú decides cómo quieres crecer! Posición 100% presencial en Quito, Ecuador"
26,2,"Arquitecto de Soluciones Presencial Quito, Ecuador - job post",Sofka,"Quito, Provincia de Pichincha",,Medio tiempo,Presencial,"¿Estás buscando nuevos desafíos y un lugar donde puedas disfrutar de un ambiente cercano mientras aprendes constantemente? ¡Bienvenido a un equipo con un propósito claro: ""TRANSFORMAR la vida de las personas siendo el aliado TECNOLÓGICO más confiable""! ¡Prepárate y únete a esta aventura! ¿Qué encontrarás? Retos técnicos y personales que te mantendrán en constante crecimiento. Un equipo conectado, enfocado en tu bienestar físico y mental. Cultura de mejora continua, fresca y colaborativa, con oportunidades de aprendizaje y gente dispuesta a apoyarte. KaizenHub, un programa diseñado para potenciar tus talentos, con feedback, mentorías y coaching a través de Sofka U. ¡Será un reto y un juego a la vez! Programas como Happy Kaizen y WeSofka que cuidan tu bienestar físico y emocional. ¿Qué buscamos? Buscamos un Arquitecto de Soluciones con más de 5 años de experiencia probada en la definición, diseño e implementación de arquitecturas TI que unan la estrategia de negocio con la ejecución técnica. El perfil ideal debe dominar la computación en la nube, los principios de escalabilidad, seguridad y eficiencia, y poseer una excelente capacidad de comunicación para ser el puente entre los stakeholders y los equipos de desarrollo. Necesitamos tu visión estratégica y tu liderazgo técnico para guiar la transformación digital. Responsabilidades Diseñar e implementar arquitecturas de software de extremo a extremo que sean escalables, resilientes, seguras y eficientes en costos. Traducir los requisitos de negocio y las necesidades de los stakeholders en diseños técnicos de alto nivel (HLD) y planes de solución. Evaluar e incorporar nuevas tecnologías, frameworks y patrones de diseño para la mejora continua de la plataforma. Liderar técnicamente a los equipos de desarrollo, asegurando la aplicación de estándares, principios de arquitectura y mejores prácticas. Documentar rigurosamente los diseños de arquitectura, roadmaps y decisiones clave para mantener la trazabilidad del sistema. Colaborar con los equipos de Operaciones/DevOps para definir las estrategias de CI/CD y observabilidad en entornos de nube. Comunicar y defender las propuestas de arquitectura ante audiencias técnicas y no técnicas, asegurando la alineación estratégica. Mentorizar a desarrolladores senior y mid en la comprensión y aplicación de los principios arquitectónicos. Conocimientos Técnicos Arquitectura Cloud: Experiencia avanzada en una o más plataformas cloud (AWS, Azure o GCP) y modelos de servicio (IaaS, PaaS, SaaS). Frameworks Core: Experiencia en desarrollo de soluciones empresariales con Java/SpringBoot. Diseño de Soluciones: Dominio de patrones de diseño de software (Microservicios, DDD, Serverless) y arquitectura empresarial (TOGAF, C4 Model, UML). Integración de Sistemas: Conocimiento en tecnologías de integración, APIs (REST, GraphQL) y sistemas de mensajería (Kafka, RabbitMQ). Seguridad: Principios de seguridad en el diseño de soluciones y la nube. DevOps/SRE: Conocimiento de prácticas de automatización, CI/CD y monitoreo (Observability). Bases de Datos: Experiencia en bases de datos relacionales y NoSQL. Habilidades Blandas: Capacidad de comunicación y presentación de diseños de alto impacto. Experiencia en medios de pago y tarjetas. Personas apasionadas, dispuestas a dar lo mejor de sí mismas. ¡PRESENTATE y sé parte de esta historia! Condiciones Contrato a término indefinido ¡Queremos relaciones a largo plazo y que seas parte de nuestra familia por mucho tiempo! ¿Buscas crecimiento profesional? En Sofka, te ofrecemos un ecosistema de aprendizaje con múltiples herramientas para cerrar brechas y potenciar tus habilidades. ¡Tú decides cómo quieres crecer! Posición 100% presencial en Quito, Ecuador"
27,2,Key Account Manager (KAM) Quito - job post,LIFULL Connect,"Quito, Provincia de Pichincha",,Medio tiempo,,"️ LIFULL Connect... ¿Quieres saber más sobre nosotros? LIFULL Connect es un grupo global de marketplaces que opera sitios de búsqueda vertical, portales y transacciones en más de 60 países. Nuestra misión es ayudar a las personas a tomar una de las decisiones más importantes de su vida: encontrar un hogar. ¿Y cómo lo hacemos? De una forma rápida, sencilla y útil. ¡Esa es nuestra promesa! La vida en nuestro equipo: Nuestro equipo en Ecuador está buscando un Key Account Manager motivado, que trabajará con uno de nuestros productos líderes Proppit (plataforma SaaS B2B). Proppit es una herramienta de marketing para profesionales del sector inmobiliario que, entre muchos beneficios, permite publicar en portales como Properati, Trovit, Mitula, iCasas, PuntoPropiedad, Nuroa y Nestoria. La persona que sea Key Account Manager desarrollará nuevas relaciones con constructoras y desarrolladoras inmobiliarias. Buscamos un profesional orientado a las ventas y con afinidad tecnológica, que se enfoque en alcanzar los objetivos de adquisición de clientes, generación de ingresos y mantenimiento de cartera. La proactividad, actitud positiva y mentalidad orientada a procesos son fundamentales en este rol, ya que tendrás la responsabilidad total de incrementar nuestra base de clientes y los ingresos generales de la región . Lo que harás: Prospectar y atraer nuevos clientes (constructoras y desarrolladoras inmobiliarias). Expandir y mantener la cartera de clientes de la compañía, así como el volumen de negocios generados. Superar los objetivos mensuales de ventas impulsando nuevas oportunidades y aumentando el valor de tu cartera. Demostrar el valor y los beneficios de nuestro producto siguiendo una metodología de venta consultiva. Interactuar y negociar con los principales responsables de la toma de decisiones de los clientes en un ciclo de ventas complejo. Registrar todas las oportunidades y detalles de clientes en HubSpot (nuestra herramienta CRM). Lo que buscamos: Experiencia comprobada (mínimo 4 años) en ventas, preferiblemente en empresas SaaS o digitales. Historial de éxito en ventas y gestión de clientes de empresas. Manejo avanzado de herramientas CRM como HubSpot o Salesforce y del paquete MS Office. Habilidades sólidas de comunicación, persuasión y negociación. Perfil orientado a resultados. Título universitario en Administración de Empresas, Marketing o similar. Algunos beneficios que te ayudarán a dar lo mejor de ti: Salario competitivo y un esquema de comisiones muy atractivo. Seguro médico privado para apoyarte en tu bienestar. Oportunidades continuas de formación y aprendizaje. Todo el equipo que necesites."
28,2,"Desarrollador JAVA SR, Remoto LATAM - job post",Sofka,"Quito, Provincia de Pichincha",,Medio tiempo,,"¿Estás buscando nuevos desafíos y un lugar donde puedas disfrutar de un ambiente cercano mientras aprendes constantemente? ¡Bienvenido a un equipo con un propósito claro: ""TRANSFORMAR la vida de las personas siendo el aliado TECNOLÓGICO más confiable""! ¡Prepárate y únete a esta aventura! ¿Qué encontrarás? Retos técnicos y personales que te mantendrán en constante crecimiento. Un equipo conectado, enfocado en tu bienestar físico y mental. Cultura de mejora continua, fresca y colaborativa, con oportunidades de aprendizaje y gente dispuesta a apoyarte. KaizenHub, un programa diseñado para potenciar tus talentos, con feedback, mentorías y coaching a través de Sofka U. ¡Será un reto y un juego a la vez! Programas como Happy Kaizen y WeSofka que cuidan tu bienestar físico y emocional. ¿Qué buscamos? Buscamos a un Ingeniero/a de Software Java Senior con 5+ años de experiencia comprobada en el ciclo de vida de desarrollo de software. El perfil ideal es un arquitecto del código, capaz de traducir la visión de negocio en soluciones robustas y escalables. Priorizamos profesionales con sólidos conocimientos en Java, SpringBoot, Microservicios y metodologías Ágiles, que se destaquen por su liderazgo técnico, su capacidad para impulsar la calidad del código y su habilidad para mentorizar a otros desarrolladores. Si te apasiona dejar tu huella en el ecosistema tecnológico, asegurando que cada línea de código contribuya a un producto final eficiente y seguro, esta es tu oportunidad. Al unirte a [Nombre de la Empresa], no solo trabajarás en proyectos de alto impacto, sino que también formarás parte de una cultura que valora la innovación, el código limpio y el desarrollo profesional continuo. Te ofrecemos un entorno donde tu experiencia será clave para guiar la excelencia técnica del equipo y el éxito de nuestras plataformas. Responsabilidades Desarrollar y mantener activamente aplicaciones de alto rendimiento utilizando Java y sus frameworks asociados (como SpringBoot y Kuarkus). Apoyar en la definición e implementación de arquitecturas de software que sean escalables, seguras y eficientes. Mejorar continuamente el rendimiento, la escalabilidad y la mantenibilidad del código mediante refactorización estratégica y el uso eficiente de recursos. Asegurar la calidad del código y el cumplimiento de las mejores prácticas y estándares de desarrollo a través de revisiones de código exhaustivas. Integrar y desplegar el software de manera continua, trabajando con herramientas de CI/CD como Jenkins o GitLab CI. Crear y mantener pruebas automatizadas, utilizando frameworks específicos, para garantizar la calidad y funcionalidad. Promover y acompañar al equipo en la generación de código limpio, reduciendo reprocesos y la complejidad para garantizar soluciones escalables en el tiempo. Elaborar y actualizar documentación técnica detallada de las soluciones desarrolladas, siguiendo los lineamientos internos. Conocimientos Técnicos Lenguajes y Frameworks: Java, SpringBoot, Kuarkus, NetCore, Net, Angular, React, ReactNative, JavaScript, Typescript. Bases de Datos: Sql Server, Oracle, Postgres, MongoDB, Neo4J. Nube y DevOps: Azure, Azure Repo, Azure Devops, Kakfa, RabbitMQ. Otros Lenguajes: NodeJS, Python. Herramientas de Gestión: Jira, Teams, Confluence, DrawIO. Personas apasionadas, dispuestas a dar lo mejor de sí mismas. ¡PRESENTATE y sé parte de esta historia! Condiciones Contrato a término indefinido ¡Queremos relaciones a largo plazo y que seas parte de nuestra familia por mucho tiempo! ¿Buscas crecimiento profesional? En Sofka, te ofrecemos un ecosistema de aprendizaje con múltiples herramientas para cerrar brechas y potenciar tus habilidades. ¡Tú decides cómo quieres crecer!"
