index,titulo,empresa,ubicacion,salario,tipo_contrato,modalidad,descripcion,url
1,QA Specialist - job post,Tort Experts,Desde casa,,,Remoto,"About Tort Experts At Tort Experts, we are redefining the landscape of performance marketing in the legal sector. Our mission is to democratize access to information for individuals who have been injured, connecting them with law firms that can truly advocate for their rights and achieve successful outcomes. As an innovative, vertically integrated legal case acquisition marketing company, we leverage cutting-edge technology, data-driven insights, and a commitment to transparency to disrupt the status quo. Joining Tort Experts means becoming part of a dynamic team that is passionate about making a meaningful impact. We foster a collaborative environment where creativity thrives, and every team member plays a vital role in connecting qualified claimants with the representation they deserve. If you’re looking for a workplace where your contributions can truly make a difference, and where innovation meets purpose, Tort Experts is the perfect place for you. About the role We are seeking a detail-oriented and proactive QA Specialist to join our team. This remote role is responsible for testing all technical builds to ensure that new feature requests meet defined success criteria and that existing features remain fully functional. The QA Specialist will work closely with Product, Marketing, Engineering, and Data teams to validate user experiences and data flows across various systems, including lead flow automations, landing pages, Retool applications, and Looker reports. What you'll do Conduct thorough testing on all new feature releases, enhancements, and bug fixes. Validate that builds meet defined success criteria and business requirements. Perform regression testing to confirm that existing functionality remains stable. Develop, maintain, and execute test plans and test cases for web applications, automations, and reporting dashboards. Test lead flow and integrations across systems such as Salesforce, Retool, landing pages, and marketing automation platforms. Verify data accuracy in Looker reports and other analytics tools. Identify, document, and track bugs through resolution using issue management tools. Collaborate with developers and stakeholders to communicate issues, retest fixes, and confirm resolutions. Recommend improvements to QA processes, tools, and documentation. Qualifications 2+ years of experience in Quality Assurance or a similar testing role. Experience testing web applications, automations, and analytics/reporting tools. Strong understanding of QA methodologies, processes, and tools. Experience with tools such as Retool, Looker, Salesforce, or marketing automation is preferred. Excellent attention to detail and ability to document and communicate findings clearly. Strong analytical and problem solving skills. Comfortable working remotely and managing priorities across multiple projects. Familiarity with data validation and testing ETL processes. Basic understanding of SQL or database queries for validating report data. Must be available 9am - 5pm Eastern Time Benefits Uncapped quarterly profit-sharing bonuses based on company performance 100% company-paid monthly premiums for Fortune 500 level quality insurance plans for you and any/all dependents (US based employees): medical (Aetna) dental (Guardian) vision (Guardian) 100% company match on any employee contributions to either HSA or FSA flex benefits plans (US based employees): $500 free FSA company contribution, even if $0 employee contribution 401k plan with full company match of up to 6% of salary and no vesting period required (US based employees) Unlimited paid time off with planned role/responsibilities coverage Work from home equipment budget (at company's discretion) Forever remote work environment Why Join Us? At Tort Experts, we believe in empowering our team members with growth opportunities, a flexible work environment, and the chance to make a tangible impact. If you thrive in fast-paced environments and are driven, client-focused, and eager to contribute to our mission of connecting clients with top-tier legal representation. Are you ready to lead the next wave of growth in legal marketing? Apply today and help us transform access to justice! Please note that you may receive emails on behalf of Tort Experts from no-reply@ats.rippling.com. This is not spam and has been sent from our HR/Payroll system, Rippling. If you are selected to move forward in the process, we will contact you directly. We kindly ask that you do not reach out to inquire about the status of your application. Due to the volume of submissions, we are unable to respond to individual application status requests. AA/EEO Statement: Tort Experts provides equal employment opportunities to all employees and applicants for employment and prohibits discrimination and harassment of any type without regard to race, color, religion, age, sex, national origin, disability status, genetics, protected veteran status, sexual orientation, gender identity or expression, or any other characteristic protected by federal, state or local laws. This applies to all terms and conditions of employment.",https://ec.indeed.com/jobs?q=qa&from=profOnboarding&vjk=3af60ee081b4b804
2,QA Engineer [ALL LATAM] - job post,Tekton Labs,Desde casa,,Contrato,Remoto,"¡Buscamos un QA Engineer (Híbrido: automation y manual) en Tekton Labs! ¿Eres un apasionado por la calidad del software y quieres llevar tu carrera al siguiente nivel? ✨ En Tekton Labs estamos buscando un QA Engineer para unirse a nuestro equipo global y trabajar en proyectos internacionales desafiantes. ✅ Lo que buscamos: +3 años de experiencia en QA y metodologías de aseguramiento de calidad. Experiencia diseñando y desarrollando frameworks de automatización robustos y escalables. Conocimiento sólido en metodologías de testing, test plans y depuración de errores. Experiencia con pruebas de rendimiento y herramientas de testing de API. Habilidades organizativas para documentar y registrar con precisión bugs e issues sistémicos. Familiaridad con Jira, SonarQube, Jenkins, GitHub y Gherkin. Experiencia con al menos una herramienta de automatización: Cucumber / Cypress / Selenium / Appium Experiencia con al menos una herramienta de performance testing: SOAPUI / Postman Lo que ofrecemos: Proyecto inicial de 10 meses (con posibilidad de extensión). Pago mensual: 1800 - 2000 USD (modalidad contractor, vía billetera digital). Horario laboral: 08:30 am – 05:30 pm (GMT-5, Ecuador). Trabajo 100% remoto, desde cualquier parte del mundo. Día libre en tu cumpleaños. Growth Path: acceso a plataformas de aprendizaje y proyectos multiculturales. Cursos gratuitos en O'Reilly y Coursera. Partnership con AWS (descuentos en certificaciones). Apoyo económico para certificaciones técnicas. Laptop entregada según requerimientos del cliente. Clases de inglés (con English Coach). Bonos por referidos. Beneficios adicionales: 15 días de vacaciones anuales. Reconocimiento de los feriados oficiales de Ecuador. Pago puntual desde TK USA, 12 sueldos al año.",https://ec.indeed.com/jobs?q=qa&from=profOnboarding&vjk=2bb107626794072f
3,QA MANUAL JUNIOR - 2025-KRU-ST-000110 - job post,XKTalent Inc. - Rimutee,"Quito, Provincia de Pichincha",,Contrato,,"¡Ú é ! En Kruger, buscamos un é apasionado por la calidad del software, con habilidades en pruebas funcionales y gestión de defectos. Si disfrutas garantizar productos de alta calidad, colaborar con equipos de desarrollo y mejorar continuamente los procesos de testeo, ¡esta es tu oportunidad! ó: Quito, Ecuador : Híbrida : +2 año de experiencia en pruebas de software Conocimiento en pruebas manuales y técnicas de testeo Conocimiento en pruebas de servicios web con Postman/Jmeter/Karate Familiaridad con herramientas de gestión de proyectos y seguimiento de errores (JIRA, Bugzilla, etc.) Capacidad para leer y entender especificaciones de software y casos de prueba Habilidades de comunicación y trabajo en equipo Inglés intermedio-avanzado",https://ec.indeed.com/jobs?q=qa&from=profOnboarding&vjk=fe5432e32cddb72c
4,QA Engineer | ECU - job post,Sofka,"Quito, Provincia de Pichincha",,Contrato,Presencial,"Esta no es una vacante convencional Sofka Talent Day – Ecuador Estás a punto de postularte a una experiencia única: Un evento presencial exclusivo para perfiles TI seleccionados. Si tu perfil se alinea con esta vacante, tendrás la oportunidad de: Participar en un proceso corto virtual (reto técnico y/o entrevista técnica) Y si avanzas, serás invitado/a a una jornada presencial en Quito Con charlas, entrevistas en vivo y conexión directa con nuestra cultura ¿Quieres vivir Sofka desde adentro? Sigue leyendo y postúlate. ¡Esta experiencia puede ser para ti! ¿Qué buscamos? Estamos buscando un/a QA Engineer con experiencia en pruebas manuales y automáticas, capaz de diseñar estrategias de pruebas funcionales y no funcionales, contribuir a la automatización, monitorear la calidad del software y aplicar prácticas internacionales a lo largo del ciclo de vida del desarrollo. Lo que harás: Participar en eventos ágiles del equipo y definición de criterios de aceptación. Diseñar estrategias y planes de prueba en formato BDD. Ejecutar pruebas funcionales y no funcionales según la estrategia definida. Gestionar defectos y documentar resultados. Identificar riesgos de calidad y flujos candidatos para automatización. Implementar pruebas automatizadas para aplicaciones frontend (web, móviles) y backend (servicios). Contribuir a la creación de métricas de calidad (bugs, cobertura, calidad de código). Automatizar pruebas de rendimiento y seguridad. Monitorear ambientes no productivos y productivos. Lo que buscamos en ti: Experiencia: Conocimiento sólido en QA y automatización (ideal ISTQB FL/AT). Conocimientos en: Procesos y tipos de pruebas. Herramientas de gestión (Jira X-ray, Confluence). Automatización con SerenityBDD, Screenplay, Gherkin-Cucumber, Karate, Gradle, Appium. Pruebas de performance con JMeter, K6. Pruebas de seguridad con OWASP ZAP. Integración y despliegue continuo (CI/CD con Azure DevOps). Versionamiento con Git. Bases de datos: SQL, Oracle, DB2, Postgres. Conocimientos en analítica de datos y prácticas Shift Left/Right. Tecnologías y herramientas: Automatización: SerenityBDD, Cucumber, Karate, Appium, Gradle. Performance: JMeter, K6. Seguridad: OWASP ZAP. Gestión: Jira X-ray, Confluence. Versionamiento: Git, Azure DevOps. BD: SQL, Oracle, DB2, Postgres. Habilidades clave: Comunicación asertiva. Negociación efectiva. Aprendizaje y adaptación rápida. Autodesarrollo. Pensamiento disruptivo. ¡PRESENTATE y sé parte de esta historia! Condiciones Contrato a término indefinido ¡Queremos relaciones a largo plazo y que seas parte de nuestra familia por mucho tiempo! ¿Buscas crecimiento profesional? En Sofka, te ofrecemos un ecosistema de aprendizaje con múltiples herramientas para cerrar brechas y potenciar tus habilidades. ¡Tú decides cómo quieres crecer!",https://ec.indeed.com/jobs?q=qa&from=profOnboarding&vjk=f5a6f97bf1ea4ea4
5,QA Tester - job post,Centella Talent,"Guayaquil, Provincia del Guayas",,Contrato,,"Requisitos: Profesionales en carreras de Ingeniería en Ciencia de la Computación, Sistemas Computacionales, Ingeniería en Software o carreras afines. Experiencia: Más de 2 años de experiencia en proyectos de TI, desempeñando los roles de QA tester, analista y programador. 1 año de experiencia en implementación de proyectos como QA Tester. Conocimientos: Familiarización con metodologías ágiles y CI/CD. Jmeter para pruebas de estrés. Postman y SoapUI. Python",https://ec.indeed.com/jobs?q=qa&from=profOnboarding&vjk=ab7ea957784189f4
6,QA Tutor - job post,TripleTen,Desde casa,,Tiempo completo,Remoto,"About TripleTen TripleTen is a service that empowers individuals, regardless of their prior experience, to embark on the exciting and challenging journey of mastering tech professions. Our bootcamps focus on training students in software engineering, data science, business intelligence analytics, and QA engineering in a feasible and accessible way, ultimately leading them to thrive in a new career. Our mission is to ensure that every student has the opportunity to successfully master a new profession, find their purpose, and become a valuable member of the tech industry. TripleTen is a remote first organization mirroring our students who complete our bootcamps in a remote environment Please note that after applying for this position, you will be required to complete a test assignment. Successfully completing this assignment will be the first step in the interview process. **These positions are based in the LATAM market*** ***Please Submit All Resumes In English*** Our Tutors, better known as Instructors at Tripleten, are role models for students studying on our programs. They mentor students, help them with difficult concepts and assignments, teach them the skills necessary to be a great professional. They guide students through the program and into their future careers, making sure all students get the most out of both regardless of their background. Requirements: 2+ years of work experience in the US in QA (designing and implementing manual and automated QA tests; testing web applications, APIs, databases, mobile applications; Selenium; Python; GitHub) Communication Skills: Strong speaking English skills, with the ability to clearly explain complex concepts and provide constructive, supportive feedback. Passion for Tutoring: A patient and approachable attitude, able to break down challenging concepts for students, guiding them to grow in their skills and understanding. Proficiency in Circle: Comfortable engaging with students on Circle, both in group settings and one-on-one. Commitment: Willing to work full-time aligned with US time zones. Additional advantages that some Instructors have: - Previous teaching experience Their own experience as students online What you will do: Instructors are a core part of the student learning experience. They not only provide guidance on coursework but also help students grow as professionals. In this role, you will: Mentor students through 1:1 video calls, addressing a wide range of questions, clarifying complex concepts, and helping students navigate their assignments. Support students in live “Q&A style” sessions, where they can walk in with immediate questions. Host webinars and other group educational events, covering program content, extracurricular skills, and industry knowledge. You may also participate in non-educational sessions such as New Student Orientation. Review and assess student projects in alignment with program standards and best practices, providing clear, constructive feedback. Engage with students on the TripleTen Hub, offering written guidance and supporting ongoing communication. Share your professional expertise and best industry practices to equip students with relevant insights and strategies for their careers. Create and curate educational resources within the TripleTen Hub to enhance student learning and make knowledge more accessible. Foster a collaborative learning community by encouraging student interaction, building a sense of belonging, and cultivating a network of shared knowledge and mutual support. What we can offer you: Salary: $2.500-$2.800 free in-house training on how to be a great Instructor and role model for students, choose the appropriate tone of voice when communicating with students, improve soft skills opportunities to develop as a public expert cross-cultural work experience and lots of opportunities for networking with teammates who love what they do Schedule: Sunday-Thursday 18:00-2:00 Disclosures At this time we are unable to offer H1B sponsorship opportunities in the USA. This job description is not designed to contain a comprehensive listing of activities, duties, or responsibilities that are required. Nothing in this job description restricts management's right to assign or reassign duties and responsibilities at any time. TripleTen is an equal employment opportunity/affirmative action employer and considers qualified applicants for employment without regard to race, color, religion, sex, national original, age, religion, disability, marital status, sexual orientation, gender identity/expression, protected military/veteran status, or any other legally protected factor.",https://ec.indeed.com/jobs?q=qa&from=profOnboarding&vjk=d95d0397be5b1d72
7,QA Automatizador | ECU - job post,Sofka,"Quito, Provincia de Pichincha",,Contrato,Presencial,"Esta no es una vacante convencional Sofka Talent Day – Ecuador Estás a punto de postularte a una experiencia única: Un evento presencial exclusivo para perfiles TI seleccionados. Si tu perfil se alinea con esta vacante, tendrás la oportunidad de: Participar en un proceso corto virtual (reto técnico y/o entrevista técnica) Y si avanzas, serás invitado/a a una jornada presencial en Quito Con charlas, entrevistas en vivo y conexión directa con nuestra cultura ¿Quieres vivir Sofka desde adentro? Sigue leyendo y postúlate. ¡Esta experiencia puede ser para ti! ¿Qué buscamos? Un QA Automatizador con 4 a 5 años de experiencia, capaz de liderar procesos de pruebas manuales y automáticas para asegurar la calidad de software en todo su ciclo de vida. Este rol será clave para implementar prácticas de prueba internacionales, automatizar flujos en frontend, backend y móviles, y garantizar métricas de calidad que impulsen la excelencia en cada entrega. Responsabilidades principales: Diseñar estrategias y planes de prueba basados en historias de usuario (BDD). Ejecutar pruebas funcionales y no funcionales. Implementar y mantener flujos de automatización en frontend (web, móviles) y backend (servicios). Colaborar en la definición de criterios de aceptación y levantamiento de riesgos de calidad. Gestionar defectos y documentar resultados de pruebas. Diseñar y aplicar métricas de calidad (bugs, cobertura de pruebas, calidad de código). Utilizar herramientas de performance y pruebas de carga. Participar en eventos ágiles y promover mejores prácticas de pruebas. Trabajar con código fuente en repositorios de versionamiento. Colaborar en la integración de analítica de datos y modelos de IA en el proceso de prueba. Requisitos: Formación: Ingeniero en sistemas o carreras afines. Experiencia: 4 a 5 años como QA Automatizador Senior. Conocimientos en procesos de prueba (ISTQB FL / AT). Experiencia en pruebas funcionales, no funcionales y de performance. Conocimiento medio en CI/CD, pipelines y herramientas de integración continua. Experiencia en pruebas ETL y analítica de datos. Conocimientos técnicos: Automatización: Cypress, Appium, Serenity BDD, ScreenPlay, Gherkin-Cucumber, Karate. Lenguajes y frameworks: JavaScript, Python, Gradle. Performance y calidad: JMeter, SonarQube. API Testing: API Serenity. Gestión: Jira. Versionamiento y despliegue: Azure CI/CD, Git. Bases de datos: PostgreSQL, MongoDB, Redis, Cosmos, Oracle. IA y productividad: GitHub Copilot. Condiciones Contrato a término indefinido ¡Queremos relaciones a largo plazo y que seas parte de nuestra familia por mucho tiempo! ¿Buscas crecimiento profesional? En Sofka, te ofrecemos un ecosistema de aprendizaje con múltiples herramientas para cerrar brechas y potenciar tus habilidades. ¡Tú decides cómo quieres crecer!",https://ec.indeed.com/jobs?q=qa&from=profOnboarding&vjk=b1bdded5e13b78f9
8,Docentes Especialistas en QA LATAM (Medio tiempo) - job post,TripleTen,Desde casa,,Tiempo parcial,,"TripleTen es un servicio que empodera a las personas, sin importar su experiencia previa, para embarcarse en el emocionante y desafiante camino de dominar profesiones tecnológicas. Nuestros bootcamps se enfocan en capacitar a los estudiantes en Análisis de datos, Ciencia de datos, Desarrollo web y Ingeniería de aseguramiento de calidad (QA) y Diseño UX/UI de una manera accesible y viable, llevándolos finalmente a prosperar en una nueva carrera. Nuestra misión es garantizar que cada estudiante tenga la oportunidad de dominar con éxito una nueva profesión, encontrar su propósito y convertirse en un miembro valioso de la industria tecnológica. ¿Cuál es nuestro objetivo? Estamos en búsqueda continua de especialistas en QA con experiencia, para acompañar y ayudar a nuestros estudiantes a convertirse en desarrolladores profesionales. Puedes unirte a nosotros a tiempo parcial, dedicando de 12 a 30 horas por semana, según tu disponibilidad. Postúlate aquí — revisamos las solicitudes de manera continua e invitamos a los candidatos seleccionados a grabar un video respondiendo algunas preguntas y a realizar una tarea de prueba. Si hay una vacante disponible, te la asignaremos de inmediato; si no, guardaremos tu perfil y la tarea completada para futuras oportunidades. Por favor, envía tu CV en inglés. Requirements: Para el programa de QA, estamos buscando un(a) ingeniero(a) de calidad (QA) experimentado, que cumpla con los siguientes requisitos: Al menos 3 años de experiencia laboral en QA automatizado (experiencia con aplicaciones móviles es una ventaja). Experiencia en automatización de pruebas con Selenium + Python. Conocimiento en el uso de la línea de comandos, herramientas de desarrollo del navegador (DevTools), analizadores de tráfico como Charles o Fiddler, y herramientas de pruebas de API como SoapUI y Postman. Familiaridad con la teoría de pruebas y el diseño de pruebas, así como conocimientos básicos en sistemas operativos, redes y arquitectura de sistemas. Conocimientos básicos de SQL. Dominio de inglés y español. Disponibilidad de al menos 12-30 horas semanales para dedicar a tus estudiantes. What you will do: Hay tres roles de enseñanza para los estudiantes: Tutores, Instructores y Revisores de Código. Los Tutores apoyan a los estudiantes respondiendo sus preguntas y brindando orientación práctica a través de: Realización de webinars en vivo (una o dos veces por semana). Chats con los estudiantes. Sesiones 1:1 con los estudiantes, dedicando al menos 10 horas semanales para seguimiento personalizado y orientación práctica. Este rol requiere de 16 a 20 horas de disponibilidad, con énfasis en el horario de 7pm a 10pm hora CDMX (lunes a viernes). Como Instructor, tu misión es ayudar a los estudiantes a resolver todas sus dudas sobre el contenido del programa y guiarlos a través de ejercicios y proyectos. Tú asistirás a los estudiantes vía Discord: Liderando sesiones en el espacio de Co-learning de QA, un canal de voz disponible para estudiantes de todas las cohortes y diferentes niveles de conocimiento, donde los estudiantes pueden hacer consultas, compartir pantalla y resolver dudas. Respondiendo las preguntas escritas de los estudiantes en un máximo de 6 horas (al menos 2 horas por día). Este rol requiere de12 a 15 horas de disponibilidad. Como Revisor de Código, revisarás los proyectos de los estudiantes y proporcionarás retroalimentación. La comunicación con los estudiantes se realiza a través de chat. Este rol es flexible y requiere hasta 30 horas de disponibilidad por semana, de lunes a viernes. Y lo más importante: ¡serás una fuente de inspiración para tus estudiantes! What we can offer you: La posibilidad de enseñar a los estudiantes mientras desempeñas tu trabajo principal. Ingresos promedio de $700 a $1500 USD al mes por una colaboración flexible de medio tiempo, con gran impacto ¡y un equipo increíble! Cooperación remota con un horario conveniente tanto para ti como para el equipo. No nos enfocamos en la microgestión. Experiencia intercultural: Forma parte de un equipo internacional y conecta con estudiantes de diversos contextos. Impacto significativo: Comparte tu conocimiento y ayuda a otros a iniciar su carrera en tecnología. Participación en nuevos proyectos: Contribuye a mejorar la experiencia educativa de los estudiantes. Crecimiento profesional: Recibe retroalimentación para seguir desarrollándote como educador.",https://ec.indeed.com/jobs?q=qa&from=profOnboarding&vjk=e30958087402700f
9,Part-time Data Science Code Reviewer LATAM - job post,TripleTen,Desde casa,,Contrato,Presencial,"TripleTen es el bootcamp #1 en EE. UU. y LATAM que empodera a las personas, sin importar su experiencia previa, para embarcarse en el emocionante y desafiante camino de dominar profesiones tecnológicas. Nuestros bootcamps se enfocan en capacitar a los estudiantes en ingeniería de software, ciencia de datos, analítica de inteligencia de negocios y QA engineering de una manera accesible y viable, llevándolos finalmente a prosperar en una nueva carrera. Nuestra misión es garantizar que cada estudiante tenga la oportunidad de dominar con éxito una nueva profesión, encontrar su propósito y convertirse en un miembro valioso de la industria tecnológica. A quién buscamos: Para el programa de Ciencia de Datos, estamos buscando un/a científico/a de datos con experiencia para revisar los proyectos individuales de nuestros estudiantes y ayudarlos a convertirse exitosamente en profesionales. Por favor, envía todos los currículums o CVs en inglés. Ten en cuenta que, después de postularte a esta posición, se te pedirá que completes una prueba después de tu llamada introductoria en línea. Requirements: Experiencia trabajando como analista usando Python. Experiencia en proyectos de machine learning por más de un año. Familiaridad con las bibliotecas Pandas, NumPy, Matplotlib y Sklearn. Disponibilidad para dedicar al menos 30 horas a la semana a revisar el código de los estudiantes. Inglés intermedio, español competente. What you will do: Revisa el código de los estudiantes y proporciona retroalimentación (puede revisarse en cualquier momento; la carga de trabajo depende de la actividad de los estudiantes). Otorga créditos de acuerdo con los resultados de las tareas. Brinda consejos para mejorar el código, señala cualquier inexactitud y destaca los errores. What we can offer you: Colaboración totalmente remota y flexible (aproximadamente 30 horas semanales, 5 días a la semana). Pago fijo de 1500 USD brutos por mes. Capacitación en revisión de código y técnicas de comunicación. Posibilidad de realizar revisión de código para los estudiantes mientras desempeñas tu trabajo principal. Compartir experiencia con desarrolladores en nuestra comunidad. Experiencia en colaboración intercultural en mentoría y realización de seminarios web. Oficina digital cómoda. Usamos herramientas digitales modernas — Miro, Notion, Zoom, etc. — para que el proceso de trabajo conjunto sea fluido. Equipo diverso y unido, distribuido por EE. UU. y LatAm.",https://ec.indeed.com/jobs?q=qa&from=profOnboarding&vjk=bb870c213f026bb7
10,"QA Semisenior | Híbrido en Uruguay, Colombia y Ecuador - job post",Sofka,"Quito, Provincia de Pichincha",,Contrato,Presencial,"¿Estás buscando nuevos desafíos y un lugar donde puedas disfrutar de un ambiente cercano mientras aprendes constantemente? ¡Bienvenido a un equipo con un propósito claro: ""TRANSFORMAR la vida de las personas siendo el aliado TECNOLÓGICO más confiable""! ¡Prepárate y únete a esta aventura! ¿Qué encontrarás? Retos técnicos y personales que te mantendrán en constante crecimiento. Un equipo conectado, enfocado en tu bienestar físico y mental. Cultura de mejora continua, fresca y colaborativa, con oportunidades de aprendizaje y gente dispuesta a apoyarte. KaizenHub, un programa diseñado para potenciar tus talentos, con feedback, mentorías y coaching a través de Sofka U. ¡Será un reto y un juego a la vez! Programas como Happy Kaizen y WeSofka que cuidan tu bienestar físico y emocional. ¿Qué buscamos? Buscamos un QA Automatizador Semisenior con al menos 3 años de experiencia, que disfrute asegurar la calidad, prevenir fallos y llevar la automatización a otro nivel ¿Qué harás? Ejecutarás pruebas manuales y automáticas (funcionales y no funcionales) para evaluar el comportamiento del software. Colaborarás en la implementación de prácticas de pruebas con estándares internacionales a lo largo del ciclo de desarrollo. Apoyarás la automatización de pruebas para frontend y backend. Contribuirás con la documentación de resultados, el análisis de métricas de calidad, seguimiento de errores y cobertura de pruebas. Participarás en el uso de herramientas de performance, gestión de defectos y CI/CD. Estarás en constante aprendizaje y desarrollo en QA, acompañada por profesionales más experimentados. ¿Qué buscamos? Experiencia en Data Testing, pruebas ETL y SQL. Serenity BDD, Cypress, Karate, Robot Framework. Conocimiento en herramientas de gestión de pruebas de software. Conocimientos en procesos de pruebas (ISTQB FL / AT) y tipos de pruebas. Manejo de herramientas de performance, pruebas funcionales y frameworks de automatización. Conocimientos medios en CI/CD y manejo de pipelines. Bases en analítica de datos y pruebas de performance. Familiaridad con metodologías ágiles y tradicionales. Conocimientos en Java o Python, patrón de diseño Screenplay y principios SOLID. Es plus si cuentas con: Experiencia con STRATIO y proyectos del sector bancario. Certificación ISTQB. Condiciones Contrato a término indefinido ¡Queremos relaciones a largo plazo y que seas parte de nuestra familia por mucho tiempo! ¿Buscas crecimiento profesional? En Sofka, te ofrecemos un ecosistema de aprendizaje con múltiples herramientas para cerrar brechas y potenciar tus habilidades. ¡Tú decides cómo quieres crecer! Modalidad: Híbrido desde Uruguay o Colombia o presencial en Quito.",https://ec.indeed.com/jobs?q=qa&from=profOnboarding&vjk=73d5a371a8ab30d1
11,QA Automation Engineer - Sector Financiero/Bancario - job post,Devsu,"Santo Domingo de los Colorados, Provincia de Santo Domingo de los Tsáchilas",,Contrato,,"Buscamos un/a Ingeniero/a QA Automation con experiencia comprobada en pruebas automatizadas de software. Esta posición es híbrida en Quito/Ecuador. Funciones: Diseñar, desarrollar y ejecutar pruebas automatizadas para validar funcionalidades. Colaborar con el equipo de desarrollo y producto para entender requerimientos y criterios de aceptación. Documentar y reportar defectos de manera clara y precisa. Participar en la definición de estrategias de prueba. Ejecutar pruebas en entornos que incluyan modelos de datos complejos. Desarrollar scripts de pruebas y mantenerlos actualizados. Validar calidad de datos y funcionamiento en bases de datos SQL y NoSQL. Utilizar herramientas de automatización de pruebas como Cypress, Karate, Serenity, K6, entre otras. Apoyar la mejora continua de los procesos de testing. Requirements Mínimo 2 años de experiencia comprobada como Ingeniero QA. Experiencia en automatización de pruebas de software. Habilidades de programación básicas a intermedias. Experiencia en pruebas de software, preferiblemente en entornos de desarrollo de modelos de datos. Conocimiento en metodologías de pruebas y diseño de casos de prueba. Manejo de bases de datos SQL y NoSQL. Experiencia con herramientas de automatización como Serenity, Karate, K6, Cypress, Protractor, TestCafe, Appium, entre otras. Deseables: Certificación ISTQB o similar. Conocimiento de buenas prácticas de desarrollo: Git, TDD, revisiones de código, CI/CD. Experiencia en herramientas RPA (Robotic Process Automation). Experiencia previa en entornos ágiles. Benefits En Devsu, queremos crear un ambiente donde puedas prosperar tanto personal como profesionalmente. Al unirte a nuestro equipo, disfrutarás de: Un contrato estable a largo plazo con oportunidades de crecimiento profesional Seguro médico privado Programas continuos de capacitación, mentoría y aprendizaje para mantenerte a la vanguardia de la industria Acceso gratuito a recursos de capacitación en IA y herramientas de IA de última generación para elevar tu trabajo diario Una política flexible de tiempo libre remunerado (PTO) además de días festivos pagados Proyectos de software desafiantes de clase mundial para clientes en Estados Unidos y Latinoamérica Colaboración con algunos de los ingenieros de software más talentosos de Latinoamérica y Estados Unidos, en un entorno de trabajo diverso Únete a Devsu y descubre un lugar de trabajo que valora tu crecimiento, apoya tu bienestar y te empodera para generar un impacto global.",https://ec.indeed.com/jobs?q=qa&from=profOnboarding&vjk=d5ee14e575787ec3
12,Ingeniero de Datos (Enfoque en Validación y Calidad) - job post,Neoris,"Quito, Provincia de Pichincha",,,Híbrido,"NEORIS es un acelerador Digital que ayuda a las compañías a entrar en el futuro, teniendo 20 años de experiencia como Socios Digitales de algunas de las mayores compañías del mundo. Somos más de 4,000 profesionales en 11 países, con nuestra cultura multicultural de startup en donde cultivamos innovación, aprendizaje continuo para crear soluciones de alto valor para nuestros clientes. ¿Te apasiona garantizar la calidad de los datos que impulsan decisiones estratégicas y modelos de inteligencia artificial? ¿Disfrutas trabajar en entornos ágiles con tecnologías cloud y pipelines de datos robustos? ¡Esta oportunidad es para ti! Estamos buscando un Ingeniero de Datos Semi Senior para integrarse a un equipo dinámico del sector banca con enfoque en la validación, calidad y confiabilidad de soluciones analíticas en entornos complejos de big data. Principales Responsabilidades Diseñar y ejecutar pruebas para validar la calidad de soluciones analíticas en entornos de datos (cloud, on-premise o híbridos). Validar modelos de aprendizaje automático y minería de datos mediante pruebas automatizadas y análisis profundo de datos. Desarrollar y monitorear pipelines de validación de datos en plataformas como AWS, Azure, Databricks y Data Fabric. Asegurar la integridad y calidad de procesos ETL, desde la ingesta hasta la transformación y limpieza de datos. Colaborar en equipos ágiles con ingenieros, científicos de datos y arquitectos, participando activamente en ceremonias y flujos de trabajo. Implementar y ejecutar pruebas automatizadas, incluyendo pruebas de performance, dentro de pipelines CI/CD en Azure DevOps Requerimientos Mínimo 3 de experiencia en ingeniería de datos, QA analítico o roles afines. Dominio de Python, PySpark y SQL para validación y pruebas de datos. Experiencia en al menos una de las siguientes áreas: Aprendizaje automático Minería de datos Validación de modelos analíticos o calidad de datos Conocimiento práctico de entornos cloud (AWS, Azure) y herramientas como Databricks o Data Fabric. Experiencia en desarrollo y monitoreo de pipelines ETL/ELT y validación de infraestructura de datos. Familiaridad con metodologías ágiles y fundamentos de pruebas ágiles. Experiencia en CI/CD con Azure DevOps y en pruebas automatizadas (especialmente de rendimiento). Conocimientos en técnicas de limpieza y saneamiento de datos. Deseable (no excluyente): Experiencia con Stratio, Google Cloud Platform (GCP) o procesamiento de datos en streaming. Automatización de controles de calidad de datos. Conocimientos básicos de JavaScript para validaciones frontend o herramientas personalizadas. Ofrecemos: Cultura de innovación y crecimiento profesional Vinculación a tiempo indeterminado (relación de dependencias) Beneficios legales Seguro médico privado Póliza de vida Día libre de cumpleaños Trabajo modalidad híbrida en Quito, Ecuador Te invitamos a conocernos en http://www.neoris.com, Facebook, LinkedIn, Twitter o Instagram: @NEORIS. Joseline Roca #LI-JR1",https://ec.indeed.com/jobs?q=qa&from=profOnboarding&vjk=b879663292ebb03a
13,Líder QA | Sector Financiero - job post,Neoris,"Quito, Provincia de Pichincha",,Contrato,,"NEORIS es un acelerador Digital que ayuda a las compañías a entrar en el futuro, teniendo 20 años de experiencia como Socios Digitales de algunas de las mayores compañías del mundo. Somos más de 4,000 profesionales en 11 países, con nuestra cultura multicultural de startup en donde cultivamos innovación, aprendizaje continuo para crear soluciones de alto valor para nuestros clientes. Estamos buscando un(a) Líder de Automatización de Pruebas para impulsar la excelencia en la calidad de nuestros productos digitales en una de las instituciones financieras más innovadoras de Ecuador. En este rol, no solo ejecutarás pruebas, sino que definirás la estrategia de QA, liderarás iniciativas de automatización y guiarás buenas prácticas dentro de equipos ágiles multidisciplinarios. Serás clave para garantizar la estabilidad, seguridad y experiencia de usuario de nuestras aplicaciones web y móviles, alineadas con los más altos estándares del sector bancario. Principales responsabilidades: Liderar la estrategia de automatización de pruebas funcionales y no funcionales para aplicaciones web y móviles (iOS/Android). Diseñar, implementar y mantener frameworks escalables de pruebas automatizadas con Cypress, Serenity, Appium y Cucumber. Gestionar la integración de pruebas en pipelines de CI/CD (Azure DevOps) y asegurar su ejecución en entornos cloud (AWS). Colaborar con Product Owners, Developers y DevOps para definir criterios de calidad desde las fases iniciales del desarrollo. Establecer métricas de calidad, reportes de cobertura y dashboards de monitoreo para la toma de decisiones. Mentorear y alinear a otros miembros del equipo de QA en buenas prácticas de automatización, BDD y testing ágil. Evaluar y proponer mejoras continuas en herramientas, procesos y arquitectura de pruebas, incluyendo pruebas de carga y rendimiento (deseable). Garantizar la trazabilidad de requisitos, casos de prueba y resultados en herramientas como Jira y Azure DevOps. Requerimientos: Título universitario en Ingeniería en Sistemas, Ciencias de la Computación o carrera afín. Mínimo 3+ años de experiencia en automatización de pruebas, con al menos 2 año en rol de liderazgo técnico o coordinación de QA. Dominio avanzado en Java y JavaScript para desarrollo y mantenimiento de frameworks de prueba. Experiencia sólida con Cypress, Serenity, Appium, Cucumber y metodologías BDD/TDD. Uso experto de Jira y Azure DevOps para gestión de proyectos, seguimiento de bugs y pipelines de CI/CD. Conocimiento práctico de servicios de AWS (EC2, S3, Lambda, etc.) en contextos de pruebas automatizadas. Capacidad para traducir necesidades de negocio en estrategias de prueba efectivas y medibles. Excelentes habilidades de comunicación, liderazgo colaborativo y pensamiento analítico. Experiencia en entornos ágiles (Scrum, Kanban) y cultura DevOps. Se valora experiencia en pruebas de rendimiento/carga (JMeter, k6, etc.). Ofrecemos: Cultura de innovación y crecimiento profesional Vinculación a tiempo indeterminado (relación de dependencias) Beneficios legales Seguro médico privado Póliza de vida Día libre de cumpleaños Trabajo modalidad híbrida en Quito, Ecuador Te invitamos a conocernos en http://www.neoris.com, Facebook, LinkedIn, Twitter o Instagram: @NEORIS. Joseline Roca #LI-JR1",https://ec.indeed.com/jobs?q=qa&from=profOnboarding&vjk=4bc80697bc372dfc
14,Web Development Teaching Experts LATAM - job post,TripleTen,Desde casa,,Tiempo parcial,Presencial,"TripleTen es un servicio que empodera a las personas, sin importar su experiencia previa, para embarcarse en el emocionante y desafiante camino de dominar profesiones tecnológicas. Nuestros bootcamps se enfocan en capacitar a los estudiantes en Análisis de datos, Ciencia de datos, Desarrollo web y Ingeniería de aseguramiento de calidad (QA) y Diseño UX/UI de una manera accesible y viable, llevándolos finalmente a prosperar en una nueva carrera. Nuestra misión es garantizar que cada estudiante tenga la oportunidad de dominar con éxito una nueva profesión, encontrar su propósito y convertirse en un miembro valioso de la industria tecnológica. ¿Cuál es nuestro objetivo? Estamos buscando Expertos en Desarrollo Web con experiencia práctica y vocación por guiar a quienes están aprendiendo a programar, para acompañar y ayudar a nuestros estudiantes a convertirse en desarrolladores profesionales. Puedes unirte a nosotros a tiempo parcial, dedicando de 10 a 15 horas por semana, según tu disponibilidad. Postúlate aquí — revisamos las solicitudes de manera continua e invitamos a los candidatos seleccionados a grabar un video respondiendo algunas preguntas y a realizar una tarea de prueba. Si hay una vacante disponible, te la asignaremos de inmediato; si no, guardaremos tu perfil y la tarea completada para futuras oportunidades. Por favor, envía tu CV en inglés. Requirements: Más de 2 años de experiencia laboral como desarrollador/a web. Conocimiento experto en HTML, CSS, JavaScript, Git, React, Webpack, Node.js y Express.js. Disponibilidad para dedicar al menos 12-15 horas semanales a tus estudiantes. La participación en bootcamps es una ventaja para nuestros candidatos. Inglés intermedio, español nativo o avanzado. What you will do: Hay dos roles de enseñanza para los estudiantes: Tutores e Instructores. Los Tutores apoyan a los estudiantes respondiendo sus preguntas y brindando orientación práctica a través de: Realización de webinars en vivo (una o dos veces por semana). Chats con los estudiantes. Sesiones 1:1 con los estudiantes, dedicando al menos 10 horas semanales para seguimiento personalizado y orientación práctica. Este rol requiere de 16 a 20 horas de disponibilidad, con énfasis en el horario de 7pm a 10pm hora CDMX (lunes a viernes). Como Instructor, tu misión es ayudar a los estudiantes a resolver todas sus dudas sobre el contenido del programa y guiarlos a través de ejercicios y proyectos. Tú asistirás a los estudiantes vía Discord: Liderando sesiones en el espacio de Co-learning de QA, un canal de voz disponible para estudiantes de todas las cohortes y diferentes niveles de conocimiento, donde los estudiantes pueden hacer consultas, compartir pantalla y resolver dudas. Respondiendo las preguntas escritas de los estudiantes en un máximo de 6 horas (al menos 2 horas por día). Este rol requiere de 12 a 15 horas de disponibilidad. Y lo más importante: ¡serás una fuente de inspiración para tus estudiantes! What we can offer you: Capacitación en técnicas de mentoría y comunicación. La posibilidad de enseñar mientras desempeñas tu trabajo principal. Compartir experiencia con desarrolladores dentro de nuestra comunidad. Ingresos promedio de $700 a $900 USD al mes por una colaboración flexible de medio tiempo, con gran impacto ¡y un equipo increíble! Experiencia de colaboración intercultural en mentoría y realización de webinars. Cooperación remota con un horario conveniente tanto para ti como para el equipo. No nos enfocamos en la microgestión. Una oficina digital cómoda. Utilizamos herramientas digitales modernas — Miro, Notion, Zoom, etc. — para que el trabajo conjunto sea fluido. Un equipo diverso y unido, distribuido entre EE.UU. y América Latina.",https://ec.indeed.com/jobs?q=qa&from=profOnboarding&vjk=01ad7494422a813a
15,Data Analytics Teaching Experts LATAM - job post,TripleTen,Desde casa,,Tiempo parcial,Presencial,"TripleTen es un servicio que empodera a las personas, sin importar su experiencia previa, para embarcarse en el emocionante y desafiante camino de dominar profesiones tecnológicas. Nuestros bootcamps se enfocan en capacitar a los estudiantes en ingeniería de software, ciencia de datos, análisis de business intelligence y ingeniería de aseguramiento de calidad (QA), de una manera accesible y viable, llevándolos finalmente a prosperar en una nueva carrera. Nuestra misión es garantizar que cada estudiante tenga la oportunidad de dominar con éxito una nueva profesión, encontrar su propósito y convertirse en un miembro valioso de la industria tecnológica. ¿Cuál es nuestro objetivo? Estamos en búsqueda continua de analistas de datos con experiencia para mentorizar a nuestros estudiantes y ayudarlos a convertirse en desarrolladores profesionales. Puedes unirte a nosotros a tiempo parcial, dedicando de 10 a 20 horas por semana, según tu disponibilidad. Puedes postularte aquí — revisamos las solicitudes de manera continua e invitamos a los candidatos seleccionados a una entrevista en video y una tarea de prueba. Si hay un puesto disponible, te lo asignaremos de inmediato; si no, guardaremos tu perfil y la tarea completada para futuras oportunidades. Por favor, envía tu CV en inglés. Requirements: +2 años de experiencia trabajando como analista de datos. Conocimiento de Python a nivel profesional resolviendo problemas de negocio (idealmente con al menos 3 años de experiencia). +1 año de experiencia trabajando con SQL en problemas reales, visualizaciones, estadística y probabilidad, y Excel. Experiencia con bibliotecas de Data Wrangling como Pandas, NumPy, Matplotlib, etc. Inglés intermedio, español avanzado. What you will do: Hay 2 roles de enseñanza para los estudiantes: Tutores y Instructores. Los Tutores apoyan a los estudiantes respondiendo sus preguntas y brindando orientación práctica a través de: Realización de webinarios en video (una o dos veces por semana) Chats con los estudiantes Sesiones de live coding (una sesión en vivo cada dos semanas) Este rol requiere 15 a 20 horas de disponibilidad, con énfasis en el horario de 7pm a 10pm hora CDMX (lunes a viernes). Como Instructor, tu misión es ayudar a los estudiantes a resolver todas las dudas sobre el contenido del programa y guiarlos a través de ejercicios y proyectos. Tú: Asistirás a los estudiantes vía Discord, en canales escritos y de voz Realizarás sesiones de preguntas y respuestas (Q&A) Este rol requiere 12 a 15 horas de disponibilidad, con énfasis en el horario de 7pm a 10pm hora CDMX (lunes a viernes). Y lo más importante: ¡serás una persona a la que tus estudiantes admirarán! What we can offer you: Capacitación en técnicas de mentoría y comunicación. Capacidad para enseñar a los estudiantes mientras desempeñas tu trabajo principal. Compartir experiencia con desarrolladares dentro de nuestra comunidad. Ingresos promedio de $700 a $900 USD al mes por una colaboración flexible de medio tiempo, con gran impacto ¡y un equipo increíble! Experiencia de colaboración intercultural en mentoría y realización de webinarios. Cooperación remota con un horario conveniente tanto para ti como para el equipo. No nos enfocamos en la microgestión. Una oficina digital cómoda. Utilizamos herramientas digitales modernas — Miro, Notion, Zoom, etc. — para que el trabajo conjunto sea fluido. Un equipo diverso y unido distribuido entre EE.UU. y América Latina.",https://ec.indeed.com/jobs?q=qa&from=profOnboarding&start=10&vjk=a0272642a524d1a9
16,Tech Lead - job post,Kushki Pagos,"Quito, Provincia de Pichincha",,Contrato,,"Únete a nuestro Equipo como: Tech Lead En Kushki, nos enorgullece ser líderes en la industria de pagos, impulsando el cambio y la innovación a través de soluciones que transforman los comercios. Nuestro compromiso con la excelencia y la creatividad nos ha llevado a la vanguardia de nuestro campo, y buscamos constantemente talentos apasionados que deseen hacer una diferencia real en el mundo. Para conocer las noticias más recientes puedes visitar nuestro blog: https://www.kushkipagos.com/blog o nuestra pagina: https://www.kushkipagos.com/ Propósito del rol: El TL es el experto técnico que define y transmite al equipo de desarrollo lineamientos técnicos para que este pueda completar exitosamente las historias de usuarios. Velar por el cumplimiento de lineamientos de programación, arquitectura y despliegue en producción. Decisiones clave: garantizar la correcta asignación de personas a los squads, calidad de los proyectos y soportar su equipo Entregables clave: condiciones favorables de trabajo a sus equipos, mantener el equipo motivado Funciones Clave: Supervisar el código implementado por el equipo a detalle para resolver defectos o mejorarlo. Velar por el cumplimiento de los lineamientos de programación, arquitectura y despliegue en producción Definir los lineamientos técnicos de programación y acompañar al equipo de desarrollo garantizando su ejecución de acuerdo al diseño Acompañar y dar soporte a su equipo, buscando alineación, entendimiento y la asignación adecuada de las personas en los squads Acompañar y garantizar la calidad de cada uno de los proyectos asignados Gestionar herramientas, actividades u otras opciones que ayuden a mantener motivado el equipo y a conservar condiciones favorables de trabajo. Realizar las tareas establecidas y aquellas en las que pueda ser requerida su participación. Facilitar revisiones de código y proporcionar retroalimentación constructiva al equipo. Colaborar en la planificación y estimación de proyectos, asegurando la asignación efectiva de recursos. Actuar como intermediario entre el equipo técnico y otras partes interesadas para garantizar una comunicación fluida. Promover la adopción de nuevas tecnologías y mejores prácticas en el desarrollo. Monitorear y evaluar el desempeño del equipo, proporcionando apoyo y orientación cuando sea necesario. Organizar sesiones de capacitación y talleres para el desarrollo profesional del equipo. Evaluar y seleccionar herramientas y tecnologías que optimicen el flujo de trabajo del equipo. Participar en la identificación y resolución de problemas técnicos complejos. Fomentar un ambiente de colaboración y respeto, promoviendo la diversidad y la inclusión dentro del equipo. Establecer métricas de éxito para los proyectos y hacer seguimiento de su cumplimiento. Colaborar con otros líderes técnicos para alinear estrategias y compartir conocimientos. Trabajar de la mano con el equipo de producto y QA para el cumplimiento de objetivos Contribuir al desarrollo y la mejora continua de procesos de trabajo dentro del equipo. Asegurar la documentación adecuada de procesos, decisiones y lecciones aprendidas en los proyectos. Fomentar la innovación dentro del equipo de desarrollo Requerimientos: Título universitario en Ingeniería en Computación, Industrial y afines. +2 años coordinando equipos de desarrollo. +4 años de experiencia en el desarrollo de códigos. Deseable experiencia en plataformas de pago o fintech (deseable) Experiencia en participación en proyectos de IA +2 años de experiencia a profundidad en algunos de los siguientes lenguajes de programación: Python, Node JS, Angular, Webpack, Go (dominio a nivel alto), Scala (dominio a nivel medio), Kotlin (dominio a nivel medio), Swift (dominio a nivel básico), Java, AWS, Lambda, Typescript, TDD. Experiencia en el modelado de procesos de negocio utilizando una variedad de herramientas y técnicas, web services, integraciones, APIs, APIs Rest (dominio a nivel alto), APP’s, React (dominio a nivel alto) +2 años trabajando con metodología Scrum y TDD. Experiencia con TDD, CI/DC (dominio a nivel alto) y/o Canary Release. ¿Por qué unirte a nuestro equipo? Tendrás la oportunidad de trabajar en un entorno dinámico y colaborativo donde tu voz será escuchada. Podrás crecer profesionalmente y desarrollar tu carrera en un sector en crecimiento. Contribuirás directamente a nuestro impacto positivo en la industria de pagos. En Kushki pensamos en ti y en tu bienestar. Creemos que lo más valioso de la organización son las personas, y por eso te ofrecemos: Acceso a plataformas de capacitación y entrenamiento constante Días de recarga de vacaciones El día de tu cumpleaños libre Flexibilidad en tu lugar de trabajo Una plataforma de bienestar Convenios con universidades e institutos en la región, para que continues con tu formación profesional Beneficios monetarios adicionales Únete a nosotros en este emocionante viaje y haz la diferencia con Kushki. ¡Esperamos recibir tu aplicación! *************** Kushki se enorgullece de ser un empleador que ofrece igualdad de oportunidades. Abrazamos la diversidad y la inclusión. Nuestras decisiones de empleo se toman sin discriminar por nacionalidad, raza, etnia, religión, género, orientación sexual, identidad o expresión de género, estado civil, color, discapacidad o cualquier otra característica protegida por la ley. *************** Kushki prides himself on being an equal opportunity employee. We embrace diversity and inclusion. Our employment decisions are made without discrimination based on national origin, race, ethnicity, religion, gender, sexual orientation, gender identity or expression, marital status, color, disability, or any other characteristic protected by law. ***************",https://ec.indeed.com/jobs?q=qa&from=profOnboarding&start=10&vjk=baa1d19d257bcde9
17,Technical Lead - job post,Kyndryl,"Quito, Provincia de Pichincha",,,,"Who We Are At Kyndryl, we design, build, manage and modernize the mission-critical technology systems that the world depends on every day. So why work at Kyndryl? We are always moving forward – always pushing ourselves to go further in our efforts to build a more equitable, inclusive world for our employees, our customers and our communities. The Role Are you ready to lead the technical integration of high-impact banking solutions and ensure delivery excellence in a dynamic, multi-vendor environment? Kyndryl is seeking a passionate and experienced Lead Technical – Banking Integration & QA Governance to join our team and drive alignment between vendor teams and internal squads, ensuring robust, secure, and scalable solutions. As a Technical Lead, you will be the technical voice of the Bank, validating deliverables, enforcing quality standards, and coordinating across Architecture, Development, and QA Chapters. You will play a key role in ensuring that solutions meet functional and non-functional requirements, comply with the BIAN framework, and follow API governance standards. In this role, you will influence without authority, lead multidisciplinary teams, and communicate complex technical concepts to both technical and executive audiences. You will be a trusted advisor in architectural decisions and a key contributor to the success of mission-critical banking initiatives. Join us at Kyndryl and be part of a team where every challenge is an opportunity to innovate and every solution is built for impact. Your Future at Kyndryl Every position at Kyndryl offers a way forward to grow your career. Whether you want to advance in Management as a Delivery Partner Executive or pursue a technical path such as an Architect – you can find your opportunity here. Who You Are Who You Are You’re good at what you do and possess the required experience to prove it. However, equally as important – you have a growth mindset; keen to drive your own personal and professional development. You are customer-focused – someone who prioritizes customer success in their work. And finally, you’re open and borderless – naturally inclusive in how you work with others. Required Qualifications Bachelor’s degree in Computer Science, Engineering, or related field. 5+ years of experience in technical architecture, QA governance, or cloud-based solution delivery. Advanced knowledge of OpenShift and intermediate experience with Azure (AKS, APIM) . Proficiency in Java , Terraform , and Azure DevOps . Solid understanding of SDLC , automated testing , and QA traceability . Experience applying BIAN Framework principles and working with C4 Architecture . Strong communication skills with the ability to adapt messaging for technical and executive audiences. Proven ability to lead without authority and coordinate across diverse teams. Preferred Qualifications Experience in financial services or banking environments. Familiarity with ESQL and clean code principles (SOLID). Relevant certifications in cloud platforms or architecture frameworks (e.g., TOGAF, Azure Architect Expert). Experience in conflict resolution and strategic decision-making in cross-functional settings. Being You Diversity is a whole lot more than what we look like or where we come from, it’s how we think and who we are. We welcome people of all cultures, backgrounds, and experiences. But we’re not doing it single-handily: Our Kyndryl Inclusion Networks are only one of many ways we create a workplace where all Kyndryls can find and provide support and advice. This dedication to welcoming everyone into our company means that Kyndryl gives you – and everyone next to you – the ability to bring your whole self to work, individually and collectively, and support the activation of our equitable culture. That’s the Kyndryl Way. What You Can Expect With state-of-the-art resources and Fortune 100 clients, every day is an opportunity to innovate, build new capabilities, new relationships, new processes, and new value. Kyndryl cares about your well-being and prides itself on offering benefits that give you choice, reflect the diversity of our employees and support you and your family through the moments that matter – wherever you are in your life journey. Our employee learning programs give you access to the best learning in the industry to receive certifications, including Microsoft, Google, Amazon, Skillsoft, and many more. Through our company-wide volunteering and giving platform, you can donate, start fundraisers, volunteer, and search over 2 million non-profit organizations. At Kyndryl, we invest heavily in you, we want you to succeed so that together, we will all succeed. Get Referred! If you know someone that works at Kyndryl, when asked ‘How Did You Hear About Us’ during the application process, select ‘Employee Referral’ and enter your contact's Kyndryl email address.",https://ec.indeed.com/jobs?q=qa&from=profOnboarding&start=10&vjk=dd9d731f3f77f95c
18,Senior Backend Engineer - job post,Ultimate Jet Vacations,Desde casa,,,,"About UJV Who Are We? Planning and managing a 5-star vacation from scratch requires expertise, cleverness, and a genuine passion for detail. That's what UJV is all about. UJV is a service-driven team of experts that work behind the scenes, engineering luxury travel experiences for advisors globally, so they can grow their business and fully satisfy their exclusive clients. We are the luxury travel advisor’s right hand. How? UJV is a team of travel experts that advises and supports luxury travel advisors worldwide. We work behind the scenes as allies of top luxury travel advisors, to offer a 5 Star experience for their clients. We offer travel advisors the knowledge and tools needed to grow their business and better serve their exclusive clients. We offer an experience-centered service based on passion, expertise, integrity and attention to detail. We are willing to do the hard work in order to see our clients shine. Role Mission We are seeking a skilled Full Stack Engineer with a strong background in travel tech, particularly in online booking engines, group travel, and eCommerce. In this role, you’ll optimize critical systems for UJV, including CRM systems, pipeline management, and Book of Business Management, to improve operational efficiency and enhance client experiences. You'll work on building scalable applications with a tech stack that includes PHP, Laravel, MySQL, and modern JavaScript frameworks, in an agile, fast-paced environment where we ship daily with an emphasis on usability and performance. You Will: Design, build, and maintain scalable full-stack solutions for our booking platform and eCommerce website. Optimize CRM systems, improve pipeline and Book of Business Management business logic. Collaborate with Product, UI/UX, and QA teams to ensure seamless user experiences. Integrate and optimize third-party travel APIs for reliability and performance. Continuously improve application performance, scalability, and resolve issues as they arise. This Job is for You If: You thrive in a fast-paced environment, managing multiple projects and meeting deadlines. You have 5-7 years of experience in full-stack development, with expertise in travel tech (online booking engines, group travel, eCommerce). You’re passionate about optimizing systems that drive business operations and enhance client satisfaction. You have advanced proficiency in PHP and Laravel (5+ years), MySQL, and experience with modern JavaScript frameworks (React/Vue.js). You’re proficient in both front-end and back-end development, with a focus on performance and scalability. You have knowledge of CRM system optimization, pipeline management, and business logic for Book of Business Management. You are experienced with integrating third-party APIs to improve system functionality. You’re a curious learner, eager to explore new tech, advise on best practices, and innovate in the travel industry’s tech landscape. You are proficient in Linux servers and MySQL. You have experience with agile development practices, cross-browser testing, and debugging. You are proficient with Git/GitHub, including commits, branches, and pull requests. You have an understanding of AWS services, including: CloudFormation S3 EC2 SQS Bonus Points For: API Development: Experience with REST and/or GraphQL APIs. Frontend Frameworks: Familiarity with Next.js is a plus. Groups Booking or DMC/Tour Operator Management: Experience developing or optimizing a groups booking management solution or Tour Operator platform, including handling RFPs, contracts, inventory management, dynamic packaging and automated workflows. Additional AWS Skills: Experience with SNS, Lambda, CodeDeploy, ECS (Fargate), and ECR. LatAm-based candidates are welcome to apply. Candidates located outside the United States will be engaged under an independent contractor agreement. You will be responsible for managing your own social security and taxes in accordance with the regulations of your home country. Please take this into consideration before applying.",https://ec.indeed.com/jobs?q=qa&from=profOnboarding&start=10&vjk=558deba2f7c86e75
19,Project Manager - job post,Curotec,Provincia del Azuay,,,Remoto,"About the Role We are seeking an experienced Contract Project Manager to lead the delivery of a critical multi-module platform expansion project.. This role will oversee planning, coordination, and execution across two phases of work, ensuring the timely delivery of nine high-value modules. The Project Manager will act as the hub for communication, risk management, and delivery assurance across engineering, QA, UX, and client stakeholders. This position is for a 7 -monthcontract with a possibility of extension. We welcome candidates from all regions, with candidates from LATAM preferred. Key Responsibilities Plan and manage the delivery schedule across two phases Coordinate cross-functional teams: engagement manager, engineering lead, 2–3 senior developers, QA, and UX/UI. Manage scope, risks, and dependencies across multiple concurrent workstreams. Maintain client communication and reporting, ensuring transparency on progress, blockers, and budget. Facilitate sprint planning, retrospectives, and stakeholder demos, driving accountability and alignment. Ensure quality and integration confidence through collaboration with QA and technical leadership. Experience managing large, multi-workstream software projects. Ability to run projects with overlapping timelines and competing priorities. Proven track record of delivering complex software projects on time and within budget. Strong background in Agile delivery (Scrum or Kanban), with the ability to run multiple parallel streams. Excellent stakeholder management and communication skills — confident managing executive-level updates. Skilled at managing executive stakeholders and keeping them aligned without overwhelming them with detail. Strong written/verbal communication, reporting, and presentation skills. Proactive identification and mitigation of risks in fast-moving delivery environments. Confidence in escalating appropriately and managing trade-offs. Experience working with cross-functional technical teams (developers, QA, UX/UI, architects). Ability to balance day-to-day delivery with longer-term planning. Strong skills in project planning tools (Jira, Trello, or similar) and reporting dashboards. Highly organized, detail-oriented, able to prioritize under pressure. Strong facilitation skills (sprint planning, retrospectives, demos). Strong ability to self-manage and contribute effectively in dynamic environments. Engagement Details Location: Remote Commitment: 30–40 hrs/week (contract basis). Compensation: Competitive hourly rate commensurate with experience.",https://ec.indeed.com/jobs?q=qa&from=profOnboarding&start=10&vjk=287a3997e0479f47
20,Senior Sales Team Leader LATAM - job post,TripleTen,Desde casa,,Tiempo completo,Remoto,"TripleTen is an award-winning online school among technology bootcamps. Our mission is to help people change their lives and succeed in technology. We offer flexibility in studies, career mentoring, resume and portfolio preparation, and we guarantee employment after the course. Our employability rate among graduates is 87% across our Web Development, Quality Assurance (QA), Data Analytics and Data Science programs. We're looking for a dynamic, results-driven Senior B2C Sales Team Leader to lead our LATAM team in selling our product across the Latin American market. ✏️ About the team: Our sales agents are based throughout LATAM and speak Spanish, but English is essential for internal communication with our marketing and operations teams. Requirements: Spanish language proficiency. English proficiency(B1/B2). Telemarketing or B2C sales experience (3+ years). Sales management experience (3+ years). Data analysis skills. Experience coaching and guiding sales teams. Strong soft and communication skills. Experience working with CRM. Highly motivated and target driven professional with a proven track record in sales management. Experience within Education, Ed-tech, Tech, Marketing, SaaS B2C, Insurance sector is a plus What you will do: Hit the team sales quota by leading a team of up to 12 sales specialists. Hire, onboard, motivate and control the performance of your sales team. Together with Head of Sales and the Sales Country Manager implement changes in the workflow. Conduct group trainings and individual coaching sessions for the team members. Hit the team sales goals for the LATAM market. Ensure all processes and regulations are followed by the team members (lead processing in CRM, proper usage of the script). Provide reports on the team performance. What we can offer you: Basic payment of 1700 USD Gross + commissions. Overall payment is up to 3500 USD Gross per month. 100% remote and full-time position. International work experience in one of the most recognized companies in the market. Working hours: 5 working days, two days off per week.",https://ec.indeed.com/jobs?q=qa&from=profOnboarding&start=10&vjk=c6261aaf0b7feaba
21,Software Engineer (Ruby on Rails) - job post,Curotec,Provincia del Azuay,,,,"We’re looking for a Software Engineer to help maintain, modernize and scale our core production systems. The ideal candidate thrives in “prod down” scenarios, cares deeply about stability and performance, and is comfortable both refactoring legacy code and building new systems from scratch. You’ll join a high-leverage team whose mission is to support high availability, improve observability, reduce technical debt, and enable future growth. Key Responsibilities: Own the health, stability and performance of mission-critical services: respond to incidents, perform root-cause analysis, implement corrective actions and prevent recurrence. Diagnose latency, throughput or availability issues in production and design scalable solutions to mitigate risk. Refactor or rewrite key processes and subsystems: you’ll evaluate existing architecture, propose improvements, and execute on writing code from the ground up where needed. Work across the full lifecycle: from design and implementation through CI/CD pipelines, deployment, monitoring and maintenance. Collaborate with cross-functional teams (product, operations, QA, DevOps) to define requirements, ensure appropriate SLAs/-SLOs, and deliver robust API and service features. Develop and maintain internal tooling, automation and dashboards that improve engineering productivity, operational visibility and run-book execution. Champion best practices around code quality, testing (automated and manual), observability/tracing/logging, security, and fault-tolerance. Maintain and evolve our infrastructure: containerization (Kubernetes), cloud environment (Azure), relational data stores (SQL) and service communication protocols (HTTP/REST, SOAP, XML-RPC). Required Skills & Experience: 5+ years of professional software engineering experience (or equivalent). Strong expertise in one or more of: Ruby on Rails, Java, Golang. Solid understanding of relational SQL databases and ability to tune queries, schemas and transactions for performance and scalability. Hands-on experience with cloud platforms (especially Azure) and container orchestration (Kubernetes). Deep knowledge of HTTP protocol and various API communication styles: REST, SOAP, XML-RPC. Demonstrated experience with CI/CD pipelines: building, optimizing, and running automated build/test/deploy workflows. Strong debugging and performance-tuning skills in production systems: you can identify bottlenecks, evaluate trade-offs (latency, throughput, cost, maintainability) and implement appropriate fixes. Proven capability to refactor or rewrite key software subsystems: you are comfortable starting from a blank slate when required and carrying through to production. Excellent communication skills, ability to interact with stakeholders, clearly articulate trade-offs and deliver technical solutions that align with business objectives.",https://ec.indeed.com/jobs?q=qa&from=profOnboarding&start=10&vjk=66c8aa2805137ef6
22,"Arquitecto de Soluciones Senior Hibrido en Quito, Ecuador - job post",Sofka,"Quito, Provincia de Pichincha",,Contrato,Remoto,"¿Estás buscando nuevos desafíos y un lugar donde puedas disfrutar de un ambiente cercano mientras aprendes constantemente? ¡Bienvenido a un equipo con un propósito claro: ""TRANSFORMAR la vida de las personas siendo el aliado TECNOLÓGICO más confiable""! ¡Prepárate y únete a esta aventura! ¿Qué encontrarás? Retos técnicos y personales que te mantendrán en constante crecimiento. Un equipo conectado, enfocado en tu bienestar físico y mental. Cultura de mejora continua, fresca y colaborativa, con oportunidades de aprendizaje y gente dispuesta a apoyarte. KaizenHub, un programa diseñado para potenciar tus talentos, con feedback, mentorías y coaching a través de Sofka U. ¡Será un reto y un juego a la vez! Programas como Happy Kaizen y WeSofka que cuidan tu bienestar físico y emocional. ¿Qué buscamos? Buscamos a un(a) Arquitecto(a) de Soluciones Senior apasionado(a) por el diseño de sistemas escalables y de alto rendimiento. Si tienes un dominio comprobado de Clean Architecture, microservicios y DDD, y una amplia experiencia en la orquestación de contenedores y despliegues en la nube, eres la persona ideal para unirte a nuestro equipo. Buscamos a un líder técnico que no solo diseñe, sino que también guíe y alinee a los equipos para construir soluciones que transformen el mercado. Este rol es para ti si te emociona tomar decisiones técnicas de alto impacto, innovar con tecnologías de punta y colaborar estrechamente con equipos multifuncionales. Serás una pieza clave en la definición de la visión técnica y en la materialización de productos que resuelvan problemas reales para nuestros usuarios. Responsabilidades Diseñar y definir la arquitectura de sistemas, asegurando su escalabilidad, seguridad y mantenibilidad. Liderar la implementación de patrones de diseño como DDD y CQRS. Coordinar la alineación técnica entre equipos de desarrollo, QA, operaciones y socios. Supervisar la infraestructura y el despliegue, utilizando herramientas como Kubernetes y pipelines de CI/CD. Definir e implementar estrategias de pruebas automatizadas con herramientas como Cypress y Appium. Guiar la elección y el uso de frameworks de desarrollo (NestJS, Angular, React Native). Asegurar la comunicación asíncrona y la resiliencia en sistemas distribuidos con herramientas como Kafka y RabbitMQ. Contribuir activamente en la visión de negocio, traduciendo requisitos en soluciones técnicas. Requisitos Formación: Título universitario en Ingeniería en Sistemas o carreras afines. Experiencia: Amplia experiencia en el diseño y la arquitectura de sistemas de software complejos. Conocimientos Técnicos Arquitectura y Diseño: Patrones de Arquitectura (Clean Architecture, Microservicios, DDD, CQRS). Infraestructura y Cloud: Orquestación de contenedores (Kubernetes). CI/CD y herramientas cloud (AWS). Frameworks y Lenguajes: NestJS, TypeScript, Angular, React Native. Sistemas Distribuidos: Kafka y RabbitMQ. Automatización y Testing: Cypress, Appium, y API Testing. Bases de Datos: Modelado y optimización en SQL y NoSQL. Herramientas de Colaboración: Jira y Confluence. Deseable: Experiencia con herramientas de experiencia de usuario como Qualtrics, UXCam o Zendesk. Personas apasionadas, dispuestas a dar lo mejor de sí mismas. ¡PRESENTATE y sé parte de esta historia! Condiciones Contrato a término indefinido ¡Queremos relaciones a largo plazo y que seas parte de nuestra familia por mucho tiempo! ¿Buscas crecimiento profesional? En Sofka, te ofrecemos un ecosistema de aprendizaje con múltiples herramientas para cerrar brechas y potenciar tus habilidades. ¡Tú decides cómo quieres crecer! Posición hibrida en Quito, Ecuador (3 días presencial y 2 días desde casa)",https://ec.indeed.com/jobs?q=qa&from=profOnboarding&start=10&vjk=8d4c651ccfaa2805
23,C# Senior Software Engineer - job post,Sovos Compliance,"Quito, Provincia de Pichincha",,,,"Build your future with Sovos. If you're seeking a career where innovation meets impact, you've come to the right place. As a global leader, Sovos is transforming tax compliance from a business requirement to a force for growth while revolutionizing how businesses navigate the ever-changing regulatory landscape. At Sovos, we're dedicated to more than just solving compliance challenges – we're committed to making a positive and lasting difference in everything we do. Our teams operate on the modern edge of digital technology, working not only to solve complex business challenges but also to enrich our personal, professional, and local communities. Our purpose-built systems provide the tools you need to thrive in a world where governments demand increased visibility, faster reporting and greater control over business processes. Excited about the possibilities? So are we! Don’t worry if you don't check all the boxes – apply anyway! We're focused on hiring the right people, not just the ""right"" resume. It's not about what you've done elsewhere; it's all about what you're capable of doing here. The Work You'll Do: The Senior Software Engineer is a problem solver that leverages technology to solve difficult problems at scale. They work with others across the business to understand customer needs and develop high value solutions. They are accountable for the design and implementation of solutions that meet software functional and non-functional requirements and adhere to established development standards. This role challenges its owner to work quickly and effectively as a team leader, sharing technical knowledge and leading the team to build and deploy high quality software that satisfies our customers. More specifically, you will: Serve as a mentor to other software engineers. Build a collaborative partnership within your Scrum Team while being a technical advisor to the Product Manager. Lead the development, testing and deployment of complex software applications and solutions. Champion a culture of code quality and continual learning and growth throughout the department. Conduct peer code reviews to ensure quality. Use your analytical and problem-solving skills for programming and user interface design. Integrate technology, process, test and business practices. Follow and improve the team’s Continuous Development and Continuous Integration practices. Work with other team members to solve complex problems, including UX/UI designers, QA testers, and DBAs. What We Ask From You: 8+ years of proven success working in software engineering using object-oriented programing and web application technology. 2+ years of experience providing technical leadership and hands on team coaching experience. Full stack ASP.NET Core with React web development. Visual Studio, .NET 8 / C#, and SQL Server experience. Experience with web front-end technologies including HTML, CSS, Javascript, jQuery, and data structures such as XML and JSON Back-end experience including WCF, SOAP/REST APIs, Entity Framework, LINQ, SQL Server, Transact-SQL, and ability to create modify SQL schemas. Understanding of stored procedures, functions, user-defined tables, and DB structure such as keys, indexes, constraints and role-based security Version control using using Git-style tooling such as Azure DevOps or GitHub Working knowledge of Azure and IIS, ability to configure web sites and applications. Experience operating a software product in Azure is a plus. Ability to achieve results in a fast-paced, dynamic environment. What Does Sovos Offer You? The tools to enhance your life - because we want you to enjoy your life outside of work and inside! Bi-Weekly Meeting Free Days Mentoring Programs Globally recognized Training and Development programs Tools and equipment Sovos is an equal opportunity employer committed to providing an environment that celebrates diversity and where equal employment opportunities are available to all applicants and employees. We do not discriminate against race, color, religions, national origin, age, sex, marital status, physical or mental disability, veteran status, gender identity, sexual orientation, or any other characteristic provided by law. At Sovos, all employees are encouraged to bring their whole selves to work. Company Background Sovos is a global provider of tax, compliance and trust solutions and services that enable businesses to navigate an increasingly regulated world with true confidence. Purpose-built for always-on compliance capabilities, our scalable IT-driven solutions meet the demands of an evolving and complex global regulatory landscape. Sovos’ cloud-based software platform provides an unparalleled level of integration with business applications and government compliance processes. More than 100,000 customers in 100+ countries – including half the Fortune 500 – trust Sovos for their compliance needs. Sovos annually processes more than three billion transactions across 19,000 global tax jurisdictions. Bolstered by a robust partner program more than 400 strong, Sovos brings to bear an unrivaled global network for companies across industries and geographies. Founded in 1979, Sovos has operations across the Americas and Europe, and is owned by Hg and TA Associates. For more information visit http://www.sovos.com and follow us on LinkedIn",https://ec.indeed.com/jobs?q=qa&from=profOnboarding&start=20&vjk=9b3c0d1b298cd588
24,"Engineering Manager (Laravel, PHP, AWS) - job post",Curotec,Provincia del Azuay,,,,"About the Role: We are seeking an experienced Engineering Manager to lead and oversee the technical development efforts for our growing e-commerce and SaaS business. As the Engineering Manager, you will be responsible for managing our team of developers, setting technical strategy, and ensuring the successful delivery of key projects and initiatives. Key Responsibilities: Manage and mentor a team of 3-5 developers, providing technical guidance, feedback, and career development support Collaborate closely with the founders to understand the business objectives and translate them into a technical roadmap and execution plan Oversee the full software development lifecycle, from requirements gathering to deployment, ensuring high-quality, on-time delivery Identify and address technical debt, bottlenecks, and other operational issues to improve the efficiency and reliability of our systems Implement best practices for software engineering, QA, and project management Serve as a technical leader and subject matter expert, providing input on architectural decisions and technology choices Monitor team performance, track key metrics, and report on progress to the leadership team Qualifications: 5+ years of experience as an Engineering Manager or similar technical leadership role Proven track record of leading and mentoring software development teams Hands-on experience with modern web development technologies, including PHP, Laravel, and cloud infrastructure (e.g., AWS) Strong problem-solving and critical thinking skills, with the ability to break down complex problems Excellent communication and interpersonal skills, with the ability to bridge the gap between technical and non-technical stakeholders Experience working in an agile/scrum environment Familiarity with e-commerce, SaaS, or digital product businesses is a plus",https://ec.indeed.com/jobs?q=qa&from=profOnboarding&start=20&vjk=6caa38a790ac4238
25,Senior Full-stack Developer (Laravel/Vue.js/Nuxt.js) - job post,Curotec,Provincia del Azuay,,,Remoto,"About Curotec: We are a globally leading software services company specializing in developing enterprise-level projects for clients worldwide. Our team is a unique blend of diverse skill sets, cultures, and backgrounds—a true melting pot of talent. One of the most rewarding aspects of working at Curotec is the opportunity to learn something new every day, not just about technology but also about our amazing team members. Visit our website to discover more about who we are and what we do. About the Job We are looking for highly-skilled remote developers that have experience in building complex business applications using the Laravel and Vue frameworks. Candidates should have experience developing applications on the Laravel, Vue and Nuxt.js frameworks, working with a database, working within a cloud environment, and working with standard developer tools. We have multiple positions open at the moment. The ideal candidate for Curotec is a full-stack engineer focused on both Laravel and Vue.js, however, we have positions open for the back-end(Laravel) only as well as front-end(Vue.js and/or React) only. We also hire candidates of varying skill levels including mid-level, senior-level, and team lead. If you LOVE Laravel and Vue.js, please apply and get a conversation with us started even if you don't check every box on this job description. We hire candidates all over the world including North America, Latin America, Europe, Africa, and Asia. Our focus for hiring is in North America and Latin America, however, we're willing to consider a candidate with the right skills anywhere in the world. This is a remote position. The Day-to-Day of the Job At Curotec, you'll have the opportunity to work on a variety of projects in a variety of environments ranging from fully in-house builds to embedding directly into our client's teams. Over time, you'll get exposure to many codebases, industries, and talented people all over the world just doing your day-to-day job. You'll also have the opportunity to be involved in the open-source community by attending conferences, contributing to open-source projects, and evangelizing for the developer community if that is something that interests you. Lastly, you'll find at Curotec that you get out what you put in and if you want to advance, the opportunity is always there. Job Duties Work with a team of developers, BA, PM, QA, etc to execute strategies and implement solutions to build quality business software applications. Develop front-end and back-end components for large data-driven applications. Review features requests, provide feedback, and develop/maintain features for web applications. Document your development process and development components. Work with other developers to complete tasks and share ideas. 5+ years of experience with Laravel/Vue/Nuxt. 5+ years of experience with custom application development. Must be able to work EDT business hours. 8am - 5pm New York time. Must be able to speak and write fluent English. Your first interview will be a video call via Zoom. Must be dedicated, passionate, and hard-working. Attitude is everything. Must be able to work with a team and collaborate remotely. Hard workers and self-starters please apply. We are looking for a creative and efficient problem solver. Technical Requirements Experience with PHP, Laravel, Vue, and JavaScript. Experience with the Nuxt.js framework is mandatory. In-depth knowledge of object-oriented PHP and versions 7 and 8. Advance Laravel Experience (Middleware, Collections, Policies, Request, Resources, and Service Containers). Solid working experience building RESTful APIs. Benefits Competitive salary Ability to grow and advance your career Attend virtual developer conferences Work on cutting-edge and exciting projects",https://ec.indeed.com/jobs?q=qa&from=profOnboarding&start=20&vjk=47c674ad737f99e7
